Workbook

Sheet Питание
A1: Дневник питания и веса
A2: Вноси каждый день: вес утром (натощак, после туалета), калории, белок, жиры, углеводы, клетчатку, воду (л). Синие ячейки на жёлтом фоне — ввод, остальное считается само. Взвешивайся ежедневно, оценивай по среднему за 7 дней, а не по одному числу.
A3: 46294 | B3: 82.5 | C3: 2180 | D3: 165 | E3: 70 | F3: 225 | G3: 30 | H3: 2.8 | I3: ← пример строки (не считается)
A5: Сводка (последние 7 дней с записями) | C5: Ккал | D5: Белок, г | E5: Жиры, г | F5: Углеводы, г | G5: Клетчатка, г | H5: Вода, л
A6: Цель на день | C6: =TargetKcal -> 2200 | D6: =TargetProtein -> 165 | E6: =TargetFat -> 70 | F6: =TargetCarb -> 228 | G6: =TargetFiber -> 30 | H6: =TargetWater -> 2.8
A7: Факт: среднее за 7 дней | C7: =IF(LastFD=0,"",IFERROR(AVERAGEIFS(Питание!$C$14:$C$378,Питание!$A$14:$A$378,">"&LastFD-7,Питание!$A$14:$A$378,"<="&LastFD,Питание!$C$14:$C$378,">0"),"")) -> 2140 | D7: =IF(LastFD=0,"",IFERROR(AVERAGEIFS(Питание!$D$14:$D$378,Питание!$A$14:$A$378,">"&LastFD-7,Питание!$A$14:$A$378,"<="&LastFD,Питание!$D$14:$D$378,">0"),"")) -> 165 | E7: =IF(LastFD=0,"",IFERROR(AVERAGEIFS(Питание!$E$14:$E$378,Питание!$A$14:$A$378,">"&LastFD-7,Питание!$A$14:$A$378,"<="&LastFD,Питание!$E$14:$E$378,">0"),"")) -> 70 | F7: =IF(LastFD=0,"",IFERROR(AVERAGEIFS(Питание!$F$14:$F$378,Питание!$A$14:$A$378,">"&LastFD-7,Питание!$A$14:$A$378,"<="&LastFD,Питание!$F$14:$F$378,">0"),"")) -> 225 | G7: =IF(LastFD=0,"",IFERROR(AVERAGEIFS(Питание!$G$14:$G$378,Питание!$A$14:$A$378,">"&LastFD-7,Питание!$A$14:$A$378,"<="&LastFD,Питание!$G$14:$G$378,">0"),"")) -> 30 | H7: =IF(LastFD=0,"",IFERROR(AVERAGEIFS(Питание!$H$14:$H$378,Питание!$A$14:$A$378,">"&LastFD-7,Питание!$A$14:$A$378,"<="&LastFD,Питание!$H$14:$H$378,">0"),"")) -> 2.8
A8: Отклонение (факт − цель) | C8: =IF(C7="","",C7-C6) -> -60 | D8: =IF(D7="","",D7-D6) -> 0 | E8: =IF(E7="","",E7-E6) -> 0 | F8: =IF(F7="","",F7-F6) -> -3 | G8: =IF(G7="","",G7-G6) -> 0 | H8: =IF(H7="","",H7-H6) -> 0
A9: Отклонение, % | C9: =IF(C7="","",C7/C6-1) -> -0.027272727 | D9: =IF(D7="","",D7/D6-1) -> 0 | E9: =IF(E7="","",E7/E6-1) -> 0 | F9: =IF(F7="","",F7/F6-1) -> -0.013157895 | G9: =IF(G7="","",G7/G6-1) -> 0 | H9: =IF(H7="","",H7/H6-1) -> 0
A11: Вес | C11: Ср. вес 7 дн, кг | D11: Изм. за 7 дн, кг | E11: Темп, %/нед | F11: Δ к старту, кг | G11: Ср. вес 30 дн, кг | H11: Замеров веса
A12: По среднему за 7 дней | C12: =IF(LastWD=0,"",IFERROR(AVERAGEIFS(Питание!$B$14:$B$378,Питание!$A$14:$A$378,">"&LastWD-7,Питание!$A$14:$A$378,"<="&LastWD,Питание!$B$14:$B$378,">0"),"")) -> 82.34 | D12: =IF(C12="","",IFERROR(C12-AVERAGEIFS(Питание!$B$14:$B$378,Питание!$A$14:$A$378,">"&LastWD-14,Питание!$A$14:$A$378,"<="&LastWD-7,Питание!$B$14:$B$378,">0"),"")) | E12: =IF(D12="","",D12/C12) | F12: =IF(C12="","",C12-StartWeight) -> -0.16 | G12: =IF(LastWD=0,"",IFERROR(AVERAGEIFS(Питание!$B$14:$B$378,Питание!$A$14:$A$378,">"&LastWD-30,Питание!$A$14:$A$378,"<="&LastWD,Питание!$B$14:$B$378,">0"),"")) -> 82.34 | H12: =COUNT(Питание!$B$14:$B$378) -> 5
A13: Дата | B13: Вес утром, кг | C13: Ккал | D13: Белок, г | E13: Жиры, г | F13: Углеводы, г | G13: Клетчатка, г | H13: Вода, л | I13: Комментарий | J13: Откл. ккал | K13: Откл. белок, г | L13: Откл. жиры, г | M13: Откл. углеводы, г | N13: Расхожд. ккал и макро | O13: Ср. вес 7 дн, кг | P13: Ср. ккал 7 дн | Q13: Ср. белок 7 дн, г | R13: Изм. ср. веса за 7 дн, кг | S13: Темп, %/нед | T13: Δ к старту (ср.), кг
A14: =StartDate -> 46294 | B14: 82.5 | C14: 2180 | D14: 165 | E14: 70 | F14: 225 | G14: 30 | H14: 2.8 | J14: =IF(C14="","",C14-TargetKcal) -> -20 | K14: =IF(D14="","",D14-TargetProtein) -> 0 | L14: =IF(E14="","",E14-TargetFat) -> 0 | M14: =IF(F14="","",F14-TargetCarb) -> -3 | N14: =IF(COUNT(C14:F14)<4,"",ROUND(4*D14+9*E14+4*F14-C14,0)) -> 10 | O14: =IF(B14="","",IFERROR(AVERAGEIFS(Питание!$B$14:$B$378,Питание!$A$14:$A$378,">"&$A14-7,Питание!$A$14:$A$378,"<="&$A14,Питание!$B$14:$B$378,">0"),"")) -> 82.5 | P14: =IF(C14="","",IFERROR(AVERAGEIFS(Питание!$C$14:$C$378,Питание!$A$14:$A$378,">"&$A14-7,Питание!$A$14:$A$378,"<="&$A14,Питание!$C$14:$C$378,">0"),"")) -> 2180 | Q14: =IF(D14="","",IFERROR(AVERAGEIFS(Питание!$D$14:$D$378,Питание!$A$14:$A$378,">"&$A14-7,Питание!$A$14:$A$378,"<="&$A14,Питание!$D$14:$D$378,">0"),"")) -> 165 | R14: =IF(O14="","",IFERROR(O14-AVERAGEIFS(Питание!$B$14:$B$378,Питание!$A$14:$A$378,">"&$A14-14,Питание!$A$14:$A$378,"<="&$A14-7,Питание!$B$14:$B$378,">0"),"")) | S14: =IF(R14="","",R14/O14) | T14: =IF(O14="","",O14-StartWeight) -> 0
A15: =A14+1 -> 46295 | B15: 82.3 | C15: 2160 | D15: 165 | E15: 70 | F15: 225 | G15: 30 | H15: 2.8 | J15: =IF(C15="","",C15-TargetKcal) -> -40 | K15: =IF(D15="","",D15-TargetProtein) -> 0 | L15: =IF(E15="","",E15-TargetFat) -> 0 | M15: =IF(F15="","",F15-TargetCarb) -> -3 | N15: =IF(COUNT(C15:F15)<4,"",ROUND(4*D15+9*E15+4*F15-C15,0)) -> 30 | O15: =IF(B15="","",IFERROR(AVERAGEIFS(Питание!$B$14:$B$378,Питание!$A$14:$A$378,">"&$A15-7,Питание!$A$14:$A$378,"<="&$A15,Питание!$B$14:$B$378,">0"),"")) -> 82.4 | P15: =IF(C15="","",IFERROR(AVERAGEIFS(Питание!$C$14:$C$378,Питание!$A$14:$A$378,">"&$A15-7,Питание!$A$14:$A$378,"<="&$A15,Питание!$C$14:$C$378,">0"),"")) -> 2170 | Q15: =IF(D15="","",IFERROR(AVERAGEIFS(Питание!$D$14:$D$378,Питание!$A$14:$A$378,">"&$A15-7,Питание!$A$14:$A$378,"<="&$A15,Питание!$D$14:$D$378,">0"),"")) -> 165 | R15: =IF(O15="","",IFERROR(O15-AVERAGEIFS(Питание!$B$14:$B$378,Питание!$A$14:$A$378,">"&$A15-14,Питание!$A$14:$A$378,"<="&$A15-7,Питание!$B$14:$B$378,">0"),"")) | S15: =IF(R15="","",R15/O15) | T15: =IF(O15="","",O15-StartWeight) -> -0.1
A16: =A15+1 -> 46296 | B16: 82.6 | C16: 2140 | D16: 165 | E16: 70 | F16: 225 | G16: 30 | H16: 2.8 | J16: =IF(C16="","",C16-TargetKcal) -> -60 | K16: =IF(D16="","",D16-TargetProtein) -> 0 | L16: =IF(E16="","",E16-TargetFat) -> 0 | M16: =IF(F16="","",F16-TargetCarb) -> -3 | N16: =IF(COUNT(C16:F16)<4,"",ROUND(4*D16+9*E16+4*F16-C16,0)) -> 50 | O16: =IF(B16="","",IFERROR(AVERAGEIFS(Питание!$B$14:$B$378,Питание!$A$14:$A$378,">"&$A16-7,Питание!$A$14:$A$378,"<="&$A16,Питание!$B$14:$B$378,">0"),"")) -> 82.466667 | P16: =IF(C16="","",IFERROR(AVERAGEIFS(Питание!$C$14:$C$378,Питание!$A$14:$A$378,">"&$A16-7,Питание!$A$14:$A$378,"<="&$A16,Питание!$C$14:$C$378,">0"),"")) -> 2160 | Q16: =IF(D16="","",IFERROR(AVERAGEIFS(Питание!$D$14:$D$378,Питание!$A$14:$A$378,">"&$A16-7,Питание!$A$14:$A$378,"<="&$A16,Питание!$D$14:$D$378,">0"),"")) -> 165 | R16: =IF(O16="","",IFERROR(O16-AVERAGEIFS(Питание!$B$14:$B$378,Питание!$A$14:$A$378,">"&$A16-14,Питание!$A$14:$A$378,"<="&$A16-7,Питание!$B$14:$B$378,">0"),"")) | S16: =IF(R16="","",R16/O16) | T16: =IF(O16="","",O16-StartWeight) -> -0.033333333
A17: =A16+1 -> 46297 | B17: 82.2 | C17: 2120 | D17: 165 | E17: 70 | F17: 225 | G17: 30 | H17: 2.8 | J17: =IF(C17="","",C17-TargetKcal) -> -80 | K17: =IF(D17="","",D17-TargetProtein) -> 0 | L17: =IF(E17="","",E17-TargetFat) -> 0 | M17: =IF(F17="","",F17-TargetCarb) -> -3 | N17: =IF(COUNT(C17:F17)<4,"",ROUND(4*D17+9*E17+4*F17-C17,0)) -> 70 | O17: =IF(B17="","",IFERROR(AVERAGEIFS(Питание!$B$14:$B$378,Питание!$A$14:$A$378,">"&$A17-7,Питание!$A$14:$A$378,"<="&$A17,Питание!$B$14:$B$378,">0"),"")) -> 82.4 | P17: =IF(C17="","",IFERROR(AVERAGEIFS(Питание!$C$14:$C$378,Питание!$A$14:$A$378,">"&$A17-7,Питание!$A$14:$A$378,"<="&$A17,Питание!$C$14:$C$378,">0"),"")) -> 2150 | Q17: =IF(D17="","",IFERROR(AVERAGEIFS(Питание!$D$14:$D$378,Питание!$A$14:$A$378,">"&$A17-7,Питание!$A$14:$A$378,"<="&$A17,Питание!$D$14:$D$378,">0"),"")) -> 165 | R17: =IF(O17="","",IFERROR(O17-AVERAGEIFS(Питание!$B$14:$B$378,Питание!$A$14:$A$378,">"&$A17-14,Питание!$A$14:$A$378,"<="&$A17-7,Питание!$B$14:$B$378,">0"),"")) | S17: =IF(R17="","",R17/O17) | T17: =IF(O17="","",O17-StartWeight) -> -0.1
A18: =A17+1 -> 46298 | B18: 82.1 | C18: 2100 | D18: 165 | E18: 70 | F18: 225 | G18: 30 | H18: 2.8 | J18: =IF(C18="","",C18-TargetKcal) -> -100 | K18: =IF(D18="","",D18-TargetProtein) -> 0 | L18: =IF(E18="","",E18-TargetFat) -> 0 | M18: =IF(F18="","",F18-TargetCarb) -> -3 | N18: =IF(COUNT(C18:F18)<4,"",ROUND(4*D18+9*E18+4*F18-C18,0)) -> 90 | O18: =IF(B18="","",IFERROR(AVERAGEIFS(Питание!$B$14:$B$378,Питание!$A$14:$A$378,">"&$A18-7,Питание!$A$14:$A$378,"<="&$A18,Питание!$B$14:$B$378,">0"),"")) -> 82.34 | P18: =IF(C18="","",IFERROR(AVERAGEIFS(Питание!$C$14:$C$378,Питание!$A$14:$A$378,">"&$A18-7,Питание!$A$14:$A$378,"<="&$A18,Питание!$C$14:$C$378,">0"),"")) -> 2140 | Q18: =IF(D18="","",IFERROR(AVERAGEIFS(Питание!$D$14:$D$378,Питание!$A$14:$A$378,">"&$A18-7,Питание!$A$14:$A$378,"<="&$A18,Питание!$D$14:$D$378,">0"),"")) -> 165 | R18: =IF(O18="","",IFERROR(O18-AVERAGEIFS(Питание!$B$14:$B$378,Питание!$A$14:$A$378,">"&$A18-14,Питание!$A$14:$A$378,"<="&$A18-7,Питание!$B$14:$B$378,">0"),"")) | S18: =IF(R18="","",R18/O18) | T18: =IF(O18="","",O18-StartWeight) -> -0.16
A19: =A18+1 -> 46299 | B19: abc | J19: =IF(C19="","",C19-TargetKcal) | K19: =IF(D19="","",D19-TargetProtein) | L19: =IF(E19="","",E19-TargetFat) | M19: =IF(F19="","",F19-TargetCarb) | N19: =IF(COUNT(C19:F19)<4,"",ROUND(4*D19+9*E19+4*F19-C19,0)) | O19: =IF(B19="","",IFERROR(AVERAGEIFS(Питание!$B$14:$B$378,Питание!$A$14:$A$378,">"&$A19-7,Питание!$A$14:$A$378,"<="&$A19,Питание!$B$14:$B$378,">0"),"")) -> 82.34 | P19: =IF(C19="","",IFERROR(AVERAGEIFS(Питание!$C$14:$C$378,Питание!$A$14:$A$378,">"&$A19-7,Питание!$A$14:$A$378,"<="&$A19,Питание!$C$14:$C$378,">0"),"")) | Q19: =IF(D19="","",IFERROR(AVERAGEIFS(Питание!$D$14:$D$378,Питание!$A$14:$A$378,">"&$A19-7,Питание!$A$14:$A$378,"<="&$A19,Питание!$D$14:$D$378,">0"),"")) | R19: =IF(O19="","",IFERROR(O19-AVERAGEIFS(Питание!$B$14:$B$378,Питание!$A$14:$A$378,">"&$A19-14,Питание!$A$14:$A$378,"<="&$A19-7,Питание!$B$14:$B$378,">0"),"")) | S19: =IF(R19="","",R19/O19) | T19: =IF(O19="","",O19-StartWeight) -> -0.16
A20: =A19+1 -> 46300 | J20: =IF(C20="","",C20-TargetKcal) | K20: =IF(D20="","",D20-TargetProtein) | L20: =IF(E20="","",E20-TargetFat) | M20: =IF(F20="","",F20-TargetCarb) | N20: =IF(COUNT(C20:F20)<4,"",ROUND(4*D20+9*E20+4*F20-C20,0)) | O20: =IF(B20="","",IFERROR(AVERAGEIFS(Питание!$B$14:$B$378,Питание!$A$14:$A$378,">"&$A20-7,Питание!$A$14:$A$378,"<="&$A20,Питание!$B$14:$B$378,">0"),"")) | P20: =IF(C20="","",IFERROR(AVERAGEIFS(Питание!$C$14:$C$378,Питание!$A$14:$A$378,">"&$A20-7,Питание!$A$14:$A$378,"<="&$A20,Питание!$C$14:$C$378,">0"),"")) | Q20: =IF(D20="","",IFERROR(AVERAGEIFS(Питание!$D$14:$D$378,Питание!$A$14:$A$378,">"&$A20-7,Питание!$A$14:$A$378,"<="&$A20,Питание!$D$14:$D$378,">0"),"")) | R20: =IF(O20="","",IFERROR(O20-AVERAGEIFS(Питание!$B$14:$B$378,Питание!$A$14:$A$378,">"&$A20-14,Питание!$A$14:$A$378,"<="&$A20-7,Питание!$B$14:$B$378,">0"),"")) | S20: =IF(R20="","",R20/O20) | T20: =IF(O20="","",O20-StartWeight)
A21: =A20+1 -> 46301 | J21: =IF(C21="","",C21-TargetKcal) | K21: =IF(D21="","",D21-TargetProtein) | L21: =IF(E21="","",E21-TargetFat) | M21: =IF(F21="","",F21-TargetCarb) | N21: =IF(COUNT(C21:F21)<4,"",ROUND(4*D21+9*E21+4*F21-C21,0)) | O21: =IF(B21="","",IFERROR(AVERAGEIFS(Питание!$B$14:$B$378,Питание!$A$14:$A$378,">"&$A21-7,Питание!$A$14:$A$378,"<="&$A21,Питание!$B$14:$B$378,">0"),"")) | P21: =IF(C21="","",IFERROR(AVERAGEIFS(Питание!$C$14:$C$378,Питание!$A$14:$A$378,">"&$A21-7,Питание!$A$14:$A$378,"<="&$A21,Питание!$C$14:$C$378,">0"),"")) | Q21: =IF(D21="","",IFERROR(AVERAGEIFS(Питание!$D$14:$D$378,Питание!$A$14:$A$378,">"&$A21-7,Питание!$A$14:$A$378,"<="&$A21,Питание!$D$14:$D$378,">0"),"")) | R21: =IF(O21="","",IFERROR(O21-AVERAGEIFS(Питание!$B$14:$B$378,Питание!$A$14:$A$378,">"&$A21-14,Питание!$A$14:$A$378,"<="&$A21-7,Питание!$B$14:$B$378,">0"),"")) | S21: =IF(R21="","",R21/O21) | T21: =IF(O21="","",O21-StartWeight)
A22: =A21+1 -> 46302 | J22: =IF(C22="","",C22-TargetKcal) | K22: =IF(D22="","",D22-TargetProtein) | L22: =IF(E22="","",E22-TargetFat) | M22: =IF(F22="","",F22-TargetCarb) | N22: =IF(COUNT(C22:F22)<4,"",ROUND(4*D22+9*E22+4*F22-C22,0)) | O22: =IF(B22="","",IFERROR(AVERAGEIFS(Питание!$B$14:$B$378,Питание!$A$14:$A$378,">"&$A22-7,Питание!$A$14:$A$378,"<="&$A22,Питание!$B$14:$B$378,">0"),"")) | P22: =IF(C22="","",IFERROR(AVERAGEIFS(Питание!$C$14:$C$378,Питание!$A$14:$A$378,">"&$A22-7,Питание!$A$14:$A$378,"<="&$A22,Питание!$C$14:$C$378,">0"),"")) | Q22: =IF(D22="","",IFERROR(AVERAGEIFS(Питание!$D$14:$D$378,Питание!$A$14:$A$378,">"&$A22-7,Питание!$A$14:$A$378,"<="&$A22,Питание!$D$14:$D$378,">0"),"")) | R22: =IF(O22="","",IFERROR(O22-AVERAGEIFS(Питание!$B$14:$B$378,Питание!$A$14:$A$378,">"&$A22-14,Питание!$A$14:$A$378,"<="&$A22-7,Питание!$B$14:$B$378,">0"),"")) | S22: =IF(R22="","",R22/O22) | T22: =IF(O22="","",O22-StartWeight)
A23: =A22+1 -> 46303 | J23: =IF(C23="","",C23-TargetKcal) | K23: =IF(D23="","",D23-TargetProtein) | L23: =IF(E23="","",E23-TargetFat) | M23: =IF(F23="","",F23-TargetCarb) | N23: =IF(COUNT(C23:F23)<4,"",ROUND(4*D23+9*E23+4*F23-C23,0)) | O23: =IF(B23="","",IFERROR(AVERAGEIFS(Питание!$B$14:$B$378,Питание!$A$14:$A$378,">"&$A23-7,Питание!$A$14:$A$378,"<="&$A23,Питание!$B$14:$B$378,">0"),"")) | P23: =IF(C23="","",IFERROR(AVERAGEIFS(Питание!$C$14:$C$378,Питание!$A$14:$A$378,">"&$A23-7,Питание!$A$14:$A$378,"<="&$A23,Питание!$C$14:$C$378,">0"),"")) | Q23: =IF(D23="","",IFERROR(AVERAGEIFS(Питание!$D$14:$D$378,Питание!$A$14:$A$378,">"&$A23-7,Питание!$A$14:$A$378,"<="&$A23,Питание!$D$14:$D$378,">0"),"")) | R23: =IF(O23="","",IFERROR(O23-AVERAGEIFS(Питание!$B$14:$B$378,Питание!$A$14:$A$378,">"&$A23-14,Питание!$A$14:$A$378,"<="&$A23-7,Питание!$B$14:$B$378,">0"),"")) | S23: =IF(R23="","",R23/O23) | T23: =IF(O23="","",O23-StartWeight)
A24: =A23+1 -> 46304 | J24: =IF(C24="","",C24-TargetKcal) | K24: =IF(D24="","",D24-TargetProtein) | L24: =IF(E24="","",E24-TargetFat) | M24: =IF(F24="","",F24-TargetCarb) | N24: =IF(COUNT(C24:F24)<4,"",ROUND(4*D24+9*E24+4*F24-C24,0)) | O24: =IF(B24="","",IFERROR(AVERAGEIFS(Питание!$B$14:$B$378,Питание!$A$14:$A$378,">"&$A24-7,Питание!$A$14:$A$378,"<="&$A24,Питание!$B$14:$B$378,">0"),"")) | P24: =IF(C24="","",IFERROR(AVERAGEIFS(Питание!$C$14:$C$378,Питание!$A$14:$A$378,">"&$A24-7,Питание!$A$14:$A$378,"<="&$A24,Питание!$C$14:$C$378,">0"),"")) | Q24: =IF(D24="","",IFERROR(AVERAGEIFS(Питание!$D$14:$D$378,Питание!$A$14:$A$378,">"&$A24-7,Питание!$A$14:$A$378,"<="&$A24,Питание!$D$14:$D$378,">0"),"")) | R24: =IF(O24="","",IFERROR(O24-AVERAGEIFS(Питание!$B$14:$B$378,Питание!$A$14:$A$378,">"&$A24-14,Питание!$A$14:$A$378,"<="&$A24-7,Питание!$B$14:$B$378,">0"),"")) | S24: =IF(R24="","",R24/O24) | T24: =IF(O24="","",O24-StartWeight)
A25: =A24+1 -> 46305 | J25: =IF(C25="","",C25-TargetKcal) | K25: =IF(D25="","",D25-TargetProtein) | L25: =IF(E25="","",E25-TargetFat) | M25: =IF(F25="","",F25-TargetCarb) | N25: =IF(COUNT(C25:F25)<4,"",ROUND(4*D25+9*E25+4*F25-C25,0)) | O25: =IF(B25="","",IFERROR(AVERAGEIFS(Питание!$B$14:$B$378,Питание!$A$14:$A$378,">"&$A25-7,Питание!$A$14:$A$378,"<="&$A25,Питание!$B$14:$B$378,">0"),"")) | P25: =IF(C25="","",IFERROR(AVERAGEIFS(Питание!$C$14:$C$378,Питание!$A$14:$A$378,">"&$A25-7,Питание!$A$14:$A$378,"<="&$A25,Питание!$C$14:$C$378,">0"),"")) | Q25: =IF(D25="","",IFERROR(AVERAGEIFS(Питание!$D$14:$D$378,Питание!$A$14:$A$378,">"&$A25-7,Питание!$A$14:$A$378,"<="&$A25,Питание!$D$14:$D$378,">0"),"")) | R25: =IF(O25="","",IFERROR(O25-AVERAGEIFS(Питание!$B$14:$B$378,Питание!$A$14:$A$378,">"&$A25-14,Питание!$A$14:$A$378,"<="&$A25-7,Питание!$B$14:$B$378,">0"),"")) | S25: =IF(R25="","",R25/O25) | T25: =IF(O25="","",O25-StartWeight)
A26: =A25+1 -> 46306 | J26: =IF(C26="","",C26-TargetKcal) | K26: =IF(D26="","",D26-TargetProtein) | L26: =IF(E26="","",E26-TargetFat) | M26: =IF(F26="","",F26-TargetCarb) | N26: =IF(COUNT(C26:F26)<4,"",ROUND(4*D26+9*E26+4*F26-C26,0)) | O26: =IF(B26="","",IFERROR(AVERAGEIFS(Питание!$B$14:$B$378,Питание!$A$14:$A$378,">"&$A26-7,Питание!$A$14:$A$378,"<="&$A26,Питание!$B$14:$B$378,">0"),"")) | P26: =IF(C26="","",IFERROR(AVERAGEIFS(Питание!$C$14:$C$378,Питание!$A$14:$A$378,">"&$A26-7,Питание!$A$14:$A$378,"<="&$A26,Питание!$C$14:$C$378,">0"),"")) | Q26: =IF(D26="","",IFERROR(AVERAGEIFS(Питание!$D$14:$D$378,Питание!$A$14:$A$378,">"&$A26-7,Питание!$A$14:$A$378,"<="&$A26,Питание!$D$14:$D$378,">0"),"")) | R26: =IF(O26="","",IFERROR(O26-AVERAGEIFS(Питание!$B$14:$B$378,Питание!$A$14:$A$378,">"&$A26-14,Питание!$A$14:$A$378,"<="&$A26-7,Питание!$B$14:$B$378,">0"),"")) | S26: =IF(R26="","",R26/O26) | T26: =IF(O26="","",O26-StartWeight)
A27: =A26+1 -> 46307 | J27: =IF(C27="","",C27-TargetKcal) | K27: =IF(D27="","",D27-TargetProtein) | L27: =IF(E27="","",E27-TargetFat) | M27: =IF(F27="","",F27-TargetCarb) | N27: =IF(COUNT(C27:F27)<4,"",ROUND(4*D27+9*E27+4*F27-C27,0)) | O27: =IF(B27="","",IFERROR(AVERAGEIFS(Питание!$B$14:$B$378,Питание!$A$14:$A$378,">"&$A27-7,Питание!$A$14:$A$378,"<="&$A27,Питание!$B$14:$B$378,">0"),"")) | P27: =IF(C27="","",IFERROR(AVERAGEIFS(Питание!$C$14:$C$378,Питание!$A$14:$A$378,">"&$A27-7,Питание!$A$14:$A$378,"<="&$A27,Питание!$C$14:$C$378,">0"),"")) | Q27: =IF(D27="","",IFERROR(AVERAGEIFS(Питание!$D$14:$D$378,Питание!$A$14:$A$378,">"&$A27-7,Питание!$A$14:$A$378,"<="&$A27,Питание!$D$14:$D$378,">0"),"")) | R27: =IF(O27="","",IFERROR(O27-AVERAGEIFS(Питание!$B$14:$B$378,Питание!$A$14:$A$378,">"&$A27-14,Питание!$A$14:$A$378,"<="&$A27-7,Питание!$B$14:$B$378,">0"),"")) | S27: =IF(R27="","",R27/O27) | T27: =IF(O27="","",O27-StartWeight)
A28: =A27+1 -> 46308 | J28: =IF(C28="","",C28-TargetKcal) | K28: =IF(D28="","",D28-TargetProtein) | L28: =IF(E28="","",E28-TargetFat) | M28: =IF(F28="","",F28-TargetCarb) | N28: =IF(COUNT(C28:F28)<4,"",ROUND(4*D28+9*E28+4*F28-C28,0)) | O28: =IF(B28="","",IFERROR(AVERAGEIFS(Питание!$B$14:$B$378,Питание!$A$14:$A$378,">"&$A28-7,Питание!$A$14:$A$378,"<="&$A28,Питание!$B$14:$B$378,">0"),"")) | P28: =IF(C28="","",IFERROR(AVERAGEIFS(Питание!$C$14:$C$378,Питание!$A$14:$A$378,">"&$A28-7,Питание!$A$14:$A$378,"<="&$A28,Питание!$C$14:$C$378,">0"),"")) | Q28: =IF(D28="","",IFERROR(AVERAGEIFS(Питание!$D$14:$D$378,Питание!$A$14:$A$378,">"&$A28-7,Питание!$A$14:$A$378,"<="&$A28,Питание!$D$14:$D$378,">0"),"")) | R28: =IF(O28="","",IFERROR(O28-AVERAGEIFS(Питание!$B$14:$B$378,Питание!$A$14:$A$378,">"&$A28-14,Питание!$A$14:$A$378,"<="&$A28-7,Питание!$B$14:$B$378,">0"),"")) | S28: =IF(R28="","",R28/O28) | T28: =IF(O28="","",O28-StartWeight)
A29: =A28+1 -> 46309 | J29: =IF(C29="","",C29-TargetKcal) | K29: =IF(D29="","",D29-TargetProtein) | L29: =IF(E29="","",E29-TargetFat) | M29: =IF(F29="","",F29-TargetCarb) | N29: =IF(COUNT(C29:F29)<4,"",ROUND(4*D29+9*E29+4*F29-C29,0)) | O29: =IF(B29="","",IFERROR(AVERAGEIFS(Питание!$B$14:$B$378,Питание!$A$14:$A$378,">"&$A29-7,Питание!$A$14:$A$378,"<="&$A29,Питание!$B$14:$B$378,">0"),"")) | P29: =IF(C29="","",IFERROR(AVERAGEIFS(Питание!$C$14:$C$378,Питание!$A$14:$A$378,">"&$A29-7,Питание!$A$14:$A$378,"<="&$A29,Питание!$C$14:$C$378,">0"),"")) | Q29: =IF(D29="","",IFERROR(AVERAGEIFS(Питание!$D$14:$D$378,Питание!$A$14:$A$378,">"&$A29-7,Питание!$A$14:$A$378,"<="&$A29,Питание!$D$14:$D$378,">0"),"")) | R29: =IF(O29="","",IFERROR(O29-AVERAGEIFS(Питание!$B$14:$B$378,Питание!$A$14:$A$378,">"&$A29-14,Питание!$A$14:$A$378,"<="&$A29-7,Питание!$B$14:$B$378,">0"),"")) | S29: =IF(R29="","",R29/O29) | T29: =IF(O29="","",O29-StartWeight)
A30: =A29+1 -> 46310 | J30: =IF(C30="","",C30-TargetKcal) | K30: =IF(D30="","",D30-TargetProtein) | L30: =IF(E30="","",E30-TargetFat) | M30: =IF(F30="","",F30-TargetCarb) | N30: =IF(COUNT(C30:F30)<4,"",ROUND(4*D30+9*E30+4*F30-C30,0)) | O30: =IF(B30="","",IFERROR(AVERAGEIFS(Питание!$B$14:$B$378,Питание!$A$14:$A$378,">"&$A30-7,Питание!$A$14:$A$378,"<="&$A30,Питание!$B$14:$B$378,">0"),"")) | P30: =IF(C30="","",IFERROR(AVERAGEIFS(Питание!$C$14:$C$378,Питание!$A$14:$A$378,">"&$A30-7,Питание!$A$14:$A$378,"<="&$A30,Питание!$C$14:$C$378,">0"),"")) | Q30: =IF(D30="","",IFERROR(AVERAGEIFS(Питание!$D$14:$D$378,Питание!$A$14:$A$378,">"&$A30-7,Питание!$A$14:$A$378,"<="&$A30,Питание!$D$14:$D$378,">0"),"")) | R30: =IF(O30="","",IFERROR(O30-AVERAGEIFS(Питание!$B$14:$B$378,Питание!$A$14:$A$378,">"&$A30-14,Питание!$A$14:$A$378,"<="&$A30-7,Питание!$B$14:$B$378,">0"),"")) | S30: =IF(R30="","",R30/O30) | T30: =IF(O30="","",O30-StartWeight)
A31: =A30+1 -> 46311 | J31: =IF(C31="","",C31-TargetKcal) | K31: =IF(D31="","",D31-TargetProtein) | L31: =IF(E31="","",E31-TargetFat) | M31: =IF(F31="","",F31-TargetCarb) | N31: =IF(COUNT(C31:F31)<4,"",ROUND(4*D31+9*E31+4*F31-C31,0)) | O31: =IF(B31="","",IFERROR(AVERAGEIFS(Питание!$B$14:$B$378,Питание!$A$14:$A$378,">"&$A31-7,Питание!$A$14:$A$378,"<="&$A31,Питание!$B$14:$B$378,">0"),"")) | P31: =IF(C31="","",IFERROR(AVERAGEIFS(Питание!$C$14:$C$378,Питание!$A$14:$A$378,">"&$A31-7,Питание!$A$14:$A$378,"<="&$A31,Питание!$C$14:$C$378,">0"),"")) | Q31: =IF(D31="","",IFERROR(AVERAGEIFS(Питание!$D$14:$D$378,Питание!$A$14:$A$378,">"&$A31-7,Питание!$A$14:$A$378,"<="&$A31,Питание!$D$14:$D$378,">0"),"")) | R31: =IF(O31="","",IFERROR(O31-AVERAGEIFS(Питание!$B$14:$B$378,Питание!$A$14:$A$378,">"&$A31-14,Питание!$A$14:$A$378,"<="&$A31-7,Питание!$B$14:$B$378,">0"),"")) | S31: =IF(R31="","",R31/O31) | T31: =IF(O31="","",O31-StartWeight)
... A378: =A377+1 -> 46658 | J378: =IF(C378="","",C378-TargetKcal) | K378: =IF(D378="","",D378-TargetProtein) | L378: =IF(E378="","",E378-TargetFat) | M378: =IF(F378="","",F378-TargetCarb) | N378: =IF(COUNT(C378:F378)<4,"",ROUND(4*D378+9*E378+4*F378-C378,0)) | O378: =IF(B378="","",IFERROR(AVERAGEIFS(Питание!$B$14:$B$378,Питание!$A$14:$A$378,">"&$A378-7,Питание!$A$14:$A$378,"<="&$A378,Питание!$B$14:$B$378,">0"),"")) | P378: =IF(C378="","",IFERROR(AVERAGEIFS(Питание!$C$14:$C$378,Питание!$A$14:$A$378,">"&$A378-7,Питание!$A$14:$A$378,"<="&$A378,Питание!$C$14:$C$378,">0"),"")) | Q378: =IF(D378="","",IFERROR(AVERAGEIFS(Питание!$D$14:$D$378,Питание!$A$14:$A$378,">"&$A378-7,Питание!$A$14:$A$378,"<="&$A378,Питание!$D$14:$D$378,">0"),"")) | R378: =IF(O378="","",IFERROR(O378-AVERAGEIFS(Питание!$B$14:$B$378,Питание!$A$14:$A$378,">"&$A378-14,Питание!$A$14:$A$378,"<="&$A378-7,Питание!$B$14:$B$378,">0"),"")) | S378: =IF(R378="","",R378/O378) | T378: =IF(O378="","",O378-StartWeight)

Sheet Тренировки
A1: Журнал тренировок
A2: Вноси каждый рабочий подход отдельной строкой: дата, тренировка, упражнение (список), номер подхода, вес, повторения, RIR. Разминку помечай типом «Разминка». Синие ячейки на жёлтом фоне — ввод. Столбцы J–L считаются сами. Подсказки на следующую тренировку — на листе «Программа тренировок».
A3: 46294 | B3: A | C3: Жим платформы ногами | D3: 1 | E3: 80 | F3: 12 | G3: 2 | H3: Рабочий | I3: ← пример строки (в расчётах не участвует)
A5: Дата | B5: Тренировка | C5: Упражнение | D5: Подход № | E5: Вес, кг | F5: Повторения | G5: RIR | H5: Тип подхода | I5: Комментарий | J5: Объём, кг×повт. | K5: Диапазон по программе | L5: Оценка подхода
A6: 46193 | B6: Ноги | C6: Присед в Смитте | D6: 1 | E6: 30 | F6: 15 | H6: Рабочий | J6: =IF(OR(E6="",F6=""),"",E6*F6) -> 450 | K6: =IF($M6="","",INDEX('Программа тренировок'!$G$6:$G$25,$M6)) | L6: =IF(OR($M6="",$F6="",$G6=""),"",IF($H6="Разминка","Разминка",IF($F6<INDEX('Программа тренировок'!$E$6:$E$25,$M6),"Ниже диапазона",IF(AND($F6>=INDEX('Программа тренировок'!$F$6:$F$25,$M6),$G6>=INDEX('Программа тренировок'!$L$6:$L$25,$M6)),"Верх диапазона: пора добавлять вес",IF($G6<INDEX('Программа тренировок'!$L$6:$L$25,$M6),"RIR ниже цели","В диапазоне"))))) | M6: =IF($C6="","",IFERROR(MATCH($C6,'Программа тренировок'!$C$6:$C$25,0),""))
A7: 46193 | B7: Ноги | C7: Присед в Смитте | D7: 2 | E7: 30 | F7: 15 | H7: Рабочий | J7: =IF(OR(E7="",F7=""),"",E7*F7) -> 450 | K7: =IF($M7="","",INDEX('Программа тренировок'!$G$6:$G$25,$M7)) | L7: =IF(OR($M7="",$F7="",$G7=""),"",IF($H7="Разминка","Разминка",IF($F7<INDEX('Программа тренировок'!$E$6:$E$25,$M7),"Ниже диапазона",IF(AND($F7>=INDEX('Программа тренировок'!$F$6:$F$25,$M7),$G7>=INDEX('Программа тренировок'!$L$6:$L$25,$M7)),"Верх диапазона: пора добавлять вес",IF($G7<INDEX('Программа тренировок'!$L$6:$L$25,$M7),"RIR ниже цели","В диапазоне"))))) | M7: =IF($C7="","",IFERROR(MATCH($C7,'Программа тренировок'!$C$6:$C$25,0),""))
A8: 46193 | B8: Ноги | C8: Присед в Смитте | D8: 3 | E8: 30 | F8: 15 | H8: Рабочий | J8: =IF(OR(E8="",F8=""),"",E8*F8) -> 450 | K8: =IF($M8="","",INDEX('Программа тренировок'!$G$6:$G$25,$M8)) | L8: =IF(OR($M8="",$F8="",$G8=""),"",IF($H8="Разминка","Разминка",IF($F8<INDEX('Программа тренировок'!$E$6:$E$25,$M8),"Ниже диапазона",IF(AND($F8>=INDEX('Программа тренировок'!$F$6:$F$25,$M8),$G8>=INDEX('Программа тренировок'!$L$6:$L$25,$M8)),"Верх диапазона: пора добавлять вес",IF($G8<INDEX('Программа тренировок'!$L$6:$L$25,$M8),"RIR ниже цели","В диапазоне"))))) | M8: =IF($C8="","",IFERROR(MATCH($C8,'Программа тренировок'!$C$6:$C$25,0),""))
A9: 46193 | B9: Ноги | C9: Присед в Смитте | D9: 4 | E9: 30 | F9: 15 | H9: Рабочий | J9: =IF(OR(E9="",F9=""),"",E9*F9) -> 450 | K9: =IF($M9="","",INDEX('Программа тренировок'!$G$6:$G$25,$M9)) | L9: =IF(OR($M9="",$F9="",$G9=""),"",IF($H9="Разминка","Разминка",IF($F9<INDEX('Программа тренировок'!$E$6:$E$25,$M9),"Ниже диапазона",IF(AND($F9>=INDEX('Программа тренировок'!$F$6:$F$25,$M9),$G9>=INDEX('Программа тренировок'!$L$6:$L$25,$M9)),"Верх диапазона: пора добавлять вес",IF($G9<INDEX('Программа тренировок'!$L$6:$L$25,$M9),"RIR ниже цели","В диапазоне"))))) | M9: =IF($C9="","",IFERROR(MATCH($C9,'Программа тренировок'!$C$6:$C$25,0),""))
A10: 46193 | B10: Ноги | C10: Жим платформы ногами | D10: 1 | E10: 70 | F10: 15 | H10: Рабочий | J10: =IF(OR(E10="",F10=""),"",E10*F10) -> 1050 | K10: =IF($M10="","",INDEX('Программа тренировок'!$G$6:$G$25,$M10)) -> 10–12 | L10: =IF(OR($M10="",$F10="",$G10=""),"",IF($H10="Разминка","Разминка",IF($F10<INDEX('Программа тренировок'!$E$6:$E$25,$M10),"Ниже диапазона",IF(AND($F10>=INDEX('Программа тренировок'!$F$6:$F$25,$M10),$G10>=INDEX('Программа тренировок'!$L$6:$L$25,$M10)),"Верх диапазона: пора добавлять вес",IF($G10<INDEX('Программа тренировок'!$L$6:$L$25,$M10),"RIR ниже цели","В диапазоне"))))) | M10: =IF($C10="","",IFERROR(MATCH($C10,'Программа тренировок'!$C$6:$C$25,0),"")) -> 1
A11: 46193 | B11: Ноги | C11: Жим платформы ногами | D11: 2 | E11: 70 | F11: 15 | H11: Рабочий | J11: =IF(OR(E11="",F11=""),"",E11*F11) -> 1050 | K11: =IF($M11="","",INDEX('Программа тренировок'!$G$6:$G$25,$M11)) -> 10–12 | L11: =IF(OR($M11="",$F11="",$G11=""),"",IF($H11="Разминка","Разминка",IF($F11<INDEX('Программа тренировок'!$E$6:$E$25,$M11),"Ниже диапазона",IF(AND($F11>=INDEX('Программа тренировок'!$F$6:$F$25,$M11),$G11>=INDEX('Программа тренировок'!$L$6:$L$25,$M11)),"Верх диапазона: пора добавлять вес",IF($G11<INDEX('Программа тренировок'!$L$6:$L$25,$M11),"RIR ниже цели","В диапазоне"))))) | M11: =IF($C11="","",IFERROR(MATCH($C11,'Программа тренировок'!$C$6:$C$25,0),"")) -> 1
A12: 46193 | B12: Ноги | C12: Жим платформы ногами | D12: 3 | E12: 70 | F12: 15 | H12: Рабочий | J12: =IF(OR(E12="",F12=""),"",E12*F12) -> 1050 | K12: =IF($M12="","",INDEX('Программа тренировок'!$G$6:$G$25,$M12)) -> 10–12 | L12: =IF(OR($M12="",$F12="",$G12=""),"",IF($H12="Разминка","Разминка",IF($F12<INDEX('Программа тренировок'!$E$6:$E$25,$M12),"Ниже диапазона",IF(AND($F12>=INDEX('Программа тренировок'!$F$6:$F$25,$M12),$G12>=INDEX('Программа тренировок'!$L$6:$L$25,$M12)),"Верх диапазона: пора добавлять вес",IF($G12<INDEX('Программа тренировок'!$L$6:$L$25,$M12),"RIR ниже цели","В диапазоне"))))) | M12: =IF($C12="","",IFERROR(MATCH($C12,'Программа тренировок'!$C$6:$C$25,0),"")) -> 1
A13: 46193 | B13: Ноги | C13: Жим платформы ногами | D13: 4 | E13: 70 | F13: 15 | H13: Рабочий | J13: =IF(OR(E13="",F13=""),"",E13*F13) -> 1050 | K13: =IF($M13="","",INDEX('Программа тренировок'!$G$6:$G$25,$M13)) -> 10–12 | L13: =IF(OR($M13="",$F13="",$G13=""),"",IF($H13="Разминка","Разминка",IF($F13<INDEX('Программа тренировок'!$E$6:$E$25,$M13),"Ниже диапазона",IF(AND($F13>=INDEX('Программа тренировок'!$F$6:$F$25,$M13),$G13>=INDEX('Программа тренировок'!$L$6:$L$25,$M13)),"Верх диапазона: пора добавлять вес",IF($G13<INDEX('Программа тренировок'!$L$6:$L$25,$M13),"RIR ниже цели","В диапазоне"))))) | M13: =IF($C13="","",IFERROR(MATCH($C13,'Программа тренировок'!$C$6:$C$25,0),"")) -> 1
A14: 46193 | B14: Ноги | C14: Разгибание ног сидя в тренажере | D14: 1 | E14: 50 | F14: 15 | H14: Рабочий | J14: =IF(OR(E14="",F14=""),"",E14*F14) -> 750 | K14: =IF($M14="","",INDEX('Программа тренировок'!$G$6:$G$25,$M14)) | L14: =IF(OR($M14="",$F14="",$G14=""),"",IF($H14="Разминка","Разминка",IF($F14<INDEX('Программа тренировок'!$E$6:$E$25,$M14),"Ниже диапазона",IF(AND($F14>=INDEX('Программа тренировок'!$F$6:$F$25,$M14),$G14>=INDEX('Программа тренировок'!$L$6:$L$25,$M14)),"Верх диапазона: пора добавлять вес",IF($G14<INDEX('Программа тренировок'!$L$6:$L$25,$M14),"RIR ниже цели","В диапазоне"))))) | M14: =IF($C14="","",IFERROR(MATCH($C14,'Программа тренировок'!$C$6:$C$25,0),""))
A15: 46193 | B15: Ноги | C15: Разгибание ног сидя в тренажере | D15: 2 | E15: 50 | F15: 15 | H15: Рабочий | J15: =IF(OR(E15="",F15=""),"",E15*F15) -> 750 | K15: =IF($M15="","",INDEX('Программа тренировок'!$G$6:$G$25,$M15)) | L15: =IF(OR($M15="",$F15="",$G15=""),"",IF($H15="Разминка","Разминка",IF($F15<INDEX('Программа тренировок'!$E$6:$E$25,$M15),"Ниже диапазона",IF(AND($F15>=INDEX('Программа тренировок'!$F$6:$F$25,$M15),$G15>=INDEX('Программа тренировок'!$L$6:$L$25,$M15)),"Верх диапазона: пора добавлять вес",IF($G15<INDEX('Программа тренировок'!$L$6:$L$25,$M15),"RIR ниже цели","В диапазоне"))))) | M15: =IF($C15="","",IFERROR(MATCH($C15,'Программа тренировок'!$C$6:$C$25,0),""))
A16: 46193 | B16: Ноги | C16: Разгибание ног сидя в тренажере | D16: 3 | E16: 55 | F16: 15 | H16: Рабочий | J16: =IF(OR(E16="",F16=""),"",E16*F16) -> 825 | K16: =IF($M16="","",INDEX('Программа тренировок'!$G$6:$G$25,$M16)) | L16: =IF(OR($M16="",$F16="",$G16=""),"",IF($H16="Разминка","Разминка",IF($F16<INDEX('Программа тренировок'!$E$6:$E$25,$M16),"Ниже диапазона",IF(AND($F16>=INDEX('Программа тренировок'!$F$6:$F$25,$M16),$G16>=INDEX('Программа тренировок'!$L$6:$L$25,$M16)),"Верх диапазона: пора добавлять вес",IF($G16<INDEX('Программа тренировок'!$L$6:$L$25,$M16),"RIR ниже цели","В диапазоне"))))) | M16: =IF($C16="","",IFERROR(MATCH($C16,'Программа тренировок'!$C$6:$C$25,0),""))
A17: 46193 | B17: Ноги | C17: Разгибание ног сидя в тренажере | D17: 4 | E17: 55 | F17: 15 | H17: Рабочий | J17: =IF(OR(E17="",F17=""),"",E17*F17) -> 825 | K17: =IF($M17="","",INDEX('Программа тренировок'!$G$6:$G$25,$M17)) | L17: =IF(OR($M17="",$F17="",$G17=""),"",IF($H17="Разминка","Разминка",IF($F17<INDEX('Программа тренировок'!$E$6:$E$25,$M17),"Ниже диапазона",IF(AND($F17>=INDEX('Программа тренировок'!$F$6:$F$25,$M17),$G17>=INDEX('Программа тренировок'!$L$6:$L$25,$M17)),"Верх диапазона: пора добавлять вес",IF($G17<INDEX('Программа тренировок'!$L$6:$L$25,$M17),"RIR ниже цели","В диапазоне"))))) | M17: =IF($C17="","",IFERROR(MATCH($C17,'Программа тренировок'!$C$6:$C$25,0),""))
... A40: 46200 | B40: Грудь, руки, плечи | C40: На предплечья сидя на скамье: раскатывание штанги | D40: 2 | E40: 15 | F40: 20 | H40: Рабочий | J40: =IF(OR(E40="",F40=""),"",E40*F40) -> 300 | K40: =IF($M40="","",INDEX('Программа тренировок'!$G$6:$G$25,$M40)) | L40: =IF(OR($M40="",$F40="",$G40=""),"",IF($H40="Разминка","Разминка",IF($F40<INDEX('Программа тренировок'!$E$6:$E$25,$M40),"Ниже диапазона",IF(AND($F40>=INDEX('Программа тренировок'!$F$6:$F$25,$M40),$G40>=INDEX('Программа тренировок'!$L$6:$L$25,$M40)),"Верх диапазона: пора добавлять вес",IF($G40<INDEX('Программа тренировок'!$L$6:$L$25,$M40),"RIR ниже цели","В диапазоне"))))) | M40: =IF($C40="","",IFERROR(MATCH($C40,'Программа тренировок'!$C$6:$C$25,0),""))
A41: 46200 | B41: Грудь, руки, плечи | C41: На предплечья сидя на скамье: раскатывание штанги | D41: 3 | E41: 15 | H41: Рабочий | J41: =IF(OR(E41="",F41=""),"",E41*F41) | K41: =IF($M41="","",INDEX('Программа тренировок'!$G$6:$G$25,$M41)) | L41: =IF(OR($M41="",$F41="",$G41=""),"",IF($H41="Разминка","Разминка",IF($F41<INDEX('Программа тренировок'!$E$6:$E$25,$M41),"Ниже диапазона",IF(AND($F41>=INDEX('Программа тренировок'!$F$6:$F$25,$M41),$G41>=INDEX('Программа тренировок'!$L$6:$L$25,$M41)),"Верх диапазона: пора добавлять вес",IF($G41<INDEX('Программа тренировок'!$L$6:$L$25,$M41),"RIR ниже цели","В диапазоне"))))) | M41: =IF($C41="","",IFERROR(MATCH($C41,'Программа тренировок'!$C$6:$C$25,0),""))
A42: 46206 | B42: Спина, руки | C42: Тяга с верхнего блока узким хватом | D42: 1 | E42: 45.5 | F42: 20 | H42: Рабочий | J42: =IF(OR(E42="",F42=""),"",E42*F42) -> 910 | K42: =IF($M42="","",INDEX('Программа тренировок'!$G$6:$G$25,$M42)) | L42: =IF(OR($M42="",$F42="",$G42=""),"",IF($H42="Разминка","Разминка",IF($F42<INDEX('Программа тренировок'!$E$6:$E$25,$M42),"Ниже диапазона",IF(AND($F42>=INDEX('Программа тренировок'!$F$6:$F$25,$M42),$G42>=INDEX('Программа тренировок'!$L$6:$L$25,$M42)),"Верх диапазона: пора добавлять вес",IF($G42<INDEX('Программа тренировок'!$L$6:$L$25,$M42),"RIR ниже цели","В диапазоне"))))) | M42: =IF($C42="","",IFERROR(MATCH($C42,'Программа тренировок'!$C$6:$C$25,0),""))
A43: 46206 | B43: Спина, руки | C43: Тяга с верхнего блока узким хватом | D43: 2 | E43: 54.5 | F43: 10 | H43: Рабочий | J43: =IF(OR(E43="",F43=""),"",E43*F43) -> 545 | K43: =IF($M43="","",INDEX('Программа тренировок'!$G$6:$G$25,$M43)) | L43: =IF(OR($M43="",$F43="",$G43=""),"",IF($H43="Разминка","Разминка",IF($F43<INDEX('Программа тренировок'!$E$6:$E$25,$M43),"Ниже диапазона",IF(AND($F43>=INDEX('Программа тренировок'!$F$6:$F$25,$M43),$G43>=INDEX('Программа тренировок'!$L$6:$L$25,$M43)),"Верх диапазона: пора добавлять вес",IF($G43<INDEX('Программа тренировок'!$L$6:$L$25,$M43),"RIR ниже цели","В диапазоне"))))) | M43: =IF($C43="","",IFERROR(MATCH($C43,'Программа тренировок'!$C$6:$C$25,0),""))
A44: 46206 | B44: Спина, руки | C44: Тяга с верхнего блока узким хватом | D44: 3 | E44: 63.5 | F44: 7 | H44: Рабочий | J44: =IF(OR(E44="",F44=""),"",E44*F44) -> 444.5 | K44: =IF($M44="","",INDEX('Программа тренировок'!$G$6:$G$25,$M44)) | L44: =IF(OR($M44="",$F44="",$G44=""),"",IF($H44="Разминка","Разминка",IF($F44<INDEX('Программа тренировок'!$E$6:$E$25,$M44),"Ниже диапазона",IF(AND($F44>=INDEX('Программа тренировок'!$F$6:$F$25,$M44),$G44>=INDEX('Программа тренировок'!$L$6:$L$25,$M44)),"Верх диапазона: пора добавлять вес",IF($G44<INDEX('Программа тренировок'!$L$6:$L$25,$M44),"RIR ниже цели","В диапазоне"))))) | M44: =IF($C44="","",IFERROR(MATCH($C44,'Программа тренировок'!$C$6:$C$25,0),""))
A45: 46206 | B45: Спина, руки | C45: Тяга с верхнего блока узким хватом | D45: 4 | E45: 63.5 | F45: 3.5 | H45: Рабочий | J45: =IF(OR(E45="",F45=""),"",E45*F45) -> 222.25 | K45: =IF($M45="","",INDEX('Программа тренировок'!$G$6:$G$25,$M45)) | L45: =IF(OR($M45="",$F45="",$G45=""),"",IF($H45="Разминка","Разминка",IF($F45<INDEX('Программа тренировок'!$E$6:$E$25,$M45),"Ниже диапазона",IF(AND($F45>=INDEX('Программа тренировок'!$F$6:$F$25,$M45),$G45>=INDEX('Программа тренировок'!$L$6:$L$25,$M45)),"Верх диапазона: пора добавлять вес",IF($G45<INDEX('Программа тренировок'!$L$6:$L$25,$M45),"RIR ниже цели","В диапазоне"))))) | M45: =IF($C45="","",IFERROR(MATCH($C45,'Программа тренировок'!$C$6:$C$25,0),""))
A46: 46206 | B46: Спина, руки | C46: Сведение в пек-деке | D46: 1 | E46: 27.2 | F46: 20 | H46: Рабочий | J46: =IF(OR(E46="",F46=""),"",E46*F46) -> 544 | K46: =IF($M46="","",INDEX('Программа тренировок'!$G$6:$G$25,$M46)) | L46: =IF(OR($M46="",$F46="",$G46=""),"",IF($H46="Разминка","Разминка",IF($F46<INDEX('Программа тренировок'!$E$6:$E$25,$M46),"Ниже диапазона",IF(AND($F46>=INDEX('Программа тренировок'!$F$6:$F$25,$M46),$G46>=INDEX('Программа тренировок'!$L$6:$L$25,$M46)),"Верх диапазона: пора добавлять вес",IF($G46<INDEX('Программа тренировок'!$L$6:$L$25,$M46),"RIR ниже цели","В диапазоне"))))) | M46: =IF($C46="","",IFERROR(MATCH($C46,'Программа тренировок'!$C$6:$C$25,0),""))
A47: 46206 | B47: Спина, руки | C47: Сведение в пек-деке | D47: 2 | E47: 36.2 | F47: 15 | H47: Рабочий | J47: =IF(OR(E47="",F47=""),"",E47*F47) -> 543 | K47: =IF($M47="","",INDEX('Программа тренировок'!$G$6:$G$25,$M47)) | L47: =IF(OR($M47="",$F47="",$G47=""),"",IF($H47="Разминка","Разминка",IF($F47<INDEX('Программа тренировок'!$E$6:$E$25,$M47),"Ниже диапазона",IF(AND($F47>=INDEX('Программа тренировок'!$F$6:$F$25,$M47),$G47>=INDEX('Программа тренировок'!$L$6:$L$25,$M47)),"Верх диапазона: пора добавлять вес",IF($G47<INDEX('Программа тренировок'!$L$6:$L$25,$M47),"RIR ниже цели","В диапазоне"))))) | M47: =IF($C47="","",IFERROR(MATCH($C47,'Программа тренировок'!$C$6:$C$25,0),""))
A48: 46206 | B48: Спина, руки | C48: Сведение в пек-деке | D48: 3 | E48: 40.8 | F48: 7 | H48: Рабочий | J48: =IF(OR(E48="",F48=""),"",E48*F48) -> 285.6 | K48: =IF($M48="","",INDEX('Программа тренировок'!$G$6:$G$25,$M48)) | L48: =IF(OR($M48="",$F48="",$G48=""),"",IF($H48="Разминка","Разминка",IF($F48<INDEX('Программа тренировок'!$E$6:$E$25,$M48),"Ниже диапазона",IF(AND($F48>=INDEX('Программа тренировок'!$F$6:$F$25,$M48),$G48>=INDEX('Программа тренировок'!$L$6:$L$25,$M48)),"Верх диапазона: пора добавлять вес",IF($G48<INDEX('Программа тренировок'!$L$6:$L$25,$M48),"RIR ниже цели","В диапазоне"))))) | M48: =IF($C48="","",IFERROR(MATCH($C48,'Программа тренировок'!$C$6:$C$25,0),""))
A49: 46206 | B49: Спина, руки | C49: Сведение в пек-деке | D49: 4 | E49: 40.8 | F49: 9 | H49: Рабочий | J49: =IF(OR(E49="",F49=""),"",E49*F49) -> 367.2 | K49: =IF($M49="","",INDEX('Программа тренировок'!$G$6:$G$25,$M49)) | L49: =IF(OR($M49="",$F49="",$G49=""),"",IF($H49="Разминка","Разминка",IF($F49<INDEX('Программа тренировок'!$E$6:$E$25,$M49),"Ниже диапазона",IF(AND($F49>=INDEX('Программа тренировок'!$F$6:$F$25,$M49),$G49>=INDEX('Программа тренировок'!$L$6:$L$25,$M49)),"Верх диапазона: пора добавлять вес",IF($G49<INDEX('Программа тренировок'!$L$6:$L$25,$M49),"RIR ниже цели","В диапазоне"))))) | M49: =IF($C49="","",IFERROR(MATCH($C49,'Программа тренировок'!$C$6:$C$25,0),""))
A50: 46206 | B50: Спина, руки | C50: Жим лежа | D50: 1 | E50: 40 | F50: 10 | H50: Рабочий | J50: =IF(OR(E50="",F50=""),"",E50*F50) -> 400 | K50: =IF($M50="","",INDEX('Программа тренировок'!$G$6:$G$25,$M50)) | L50: =IF(OR($M50="",$F50="",$G50=""),"",IF($H50="Разминка","Разминка",IF($F50<INDEX('Программа тренировок'!$E$6:$E$25,$M50),"Ниже диапазона",IF(AND($F50>=INDEX('Программа тренировок'!$F$6:$F$25,$M50),$G50>=INDEX('Программа тренировок'!$L$6:$L$25,$M50)),"Верх диапазона: пора добавлять вес",IF($G50<INDEX('Программа тренировок'!$L$6:$L$25,$M50),"RIR ниже цели","В диапазоне"))))) | M50: =IF($C50="","",IFERROR(MATCH($C50,'Программа тренировок'!$C$6:$C$25,0),""))
A51: 46206 | B51: Спина, руки | C51: Жим лежа | D51: 2 | E51: 40 | F51: 8 | H51: Рабочий | J51: =IF(OR(E51="",F51=""),"",E51*F51) -> 320 | K51: =IF($M51="","",INDEX('Программа тренировок'!$G$6:$G$25,$M51)) | L51: =IF(OR($M51="",$F51="",$G51=""),"",IF($H51="Разминка","Разминка",IF($F51<INDEX('Программа тренировок'!$E$6:$E$25,$M51),"Ниже диапазона",IF(AND($F51>=INDEX('Программа тренировок'!$F$6:$F$25,$M51),$G51>=INDEX('Программа тренировок'!$L$6:$L$25,$M51)),"Верх диапазона: пора добавлять вес",IF($G51<INDEX('Программа тренировок'!$L$6:$L$25,$M51),"RIR ниже цели","В диапазоне"))))) | M51: =IF($C51="","",IFERROR(MATCH($C51,'Программа тренировок'!$C$6:$C$25,0),""))
A52: 46206 | B52: Спина, руки | C52: Жим лежа | D52: 3 | E52: 40 | F52: 6 | H52: Рабочий | J52: =IF(OR(E52="",F52=""),"",E52*F52) -> 240 | K52: =IF($M52="","",INDEX('Программа тренировок'!$G$6:$G$25,$M52)) | L52: =IF(OR($M52="",$F52="",$G52=""),"",IF($H52="Разминка","Разминка",IF($F52<INDEX('Программа тренировок'!$E$6:$E$25,$M52),"Ниже диапазона",IF(AND($F52>=INDEX('Программа тренировок'!$F$6:$F$25,$M52),$G52>=INDEX('Программа тренировок'!$L$6:$L$25,$M52)),"Верх диапазона: пора добавлять вес",IF($G52<INDEX('Программа тренировок'!$L$6:$L$25,$M52),"RIR ниже цели","В диапазоне"))))) | M52: =IF($C52="","",IFERROR(MATCH($C52,'Программа тренировок'!$C$6:$C$25,0),""))
A53: 46206 | B53: Спина, руки | C53: Жим лежа | D53: 4 | E53: 40 | F53: 6 | H53: Рабочий | J53: =IF(OR(E53="",F53=""),"",E53*F53) -> 240 | K53: =IF($M53="","",INDEX('Программа тренировок'!$G$6:$G$25,$M53)) | L53: =IF(OR($M53="",$F53="",$G53=""),"",IF($H53="Разминка","Разминка",IF($F53<INDEX('Программа тренировок'!$E$6:$E$25,$M53),"Ниже диапазона",IF(AND($F53>=INDEX('Программа тренировок'!$F$6:$F$25,$M53),$G53>=INDEX('Программа тренировок'!$L$6:$L$25,$M53)),"Верх диапазона: пора добавлять вес",IF($G53<INDEX('Программа тренировок'!$L$6:$L$25,$M53),"RIR ниже цели","В диапазоне"))))) | M53: =IF($C53="","",IFERROR(MATCH($C53,'Программа тренировок'!$C$6:$C$25,0),""))
... A110: 46226 | B110: Грудь | C110: Баттерфляй (тренажер) | D110: 4 | E110: 40 | F110: 8 | H110: Рабочий | J110: =IF(OR(E110="",F110=""),"",E110*F110) -> 320 | K110: =IF($M110="","",INDEX('Программа тренировок'!$G$6:$G$25,$M110)) | L110: =IF(OR($M110="",$F110="",$G110=""),"",IF($H110="Разминка","Разминка",IF($F110<INDEX('Программа тренировок'!$E$6:$E$25,$M110),"Ниже диапазона",IF(AND($F110>=INDEX('Программа тренировок'!$F$6:$F$25,$M110),$G110>=INDEX('Программа тренировок'!$L$6:$L$25,$M110)),"Верх диапазона: пора добавлять вес",IF($G110<INDEX('Программа тренировок'!$L$6:$L$25,$M110),"RIR ниже цели","В диапазоне"))))) | M110: =IF($C110="","",IFERROR(MATCH($C110,'Программа тренировок'!$C$6:$C$25,0),""))
A111: 31.02.2026 | C111: Жим платформы ногами | D111: 1 | E111: 80 | F111: 12 | J111: =IF(OR(E111="",F111=""),"",E111*F111) -> 960 | K111: =IF($M111="","",INDEX('Программа тренировок'!$G$6:$G$25,$M111)) -> 10–12 | L111: =IF(OR($M111="",$F111="",$G111=""),"",IF($H111="Разминка","Разминка",IF($F111<INDEX('Программа тренировок'!$E$6:$E$25,$M111),"Ниже диапазона",IF(AND($F111>=INDEX('Программа тренировок'!$F$6:$F$25,$M111),$G111>=INDEX('Программа тренировок'!$L$6:$L$25,$M111)),"Верх диапазона: пора добавлять вес",IF($G111<INDEX('Программа тренировок'!$L$6:$L$25,$M111),"RIR ниже цели","В диапазоне"))))) | M111: =IF($C111="","",IFERROR(MATCH($C111,'Программа тренировок'!$C$6:$C$25,0),"")) -> 1
A112: 46226 | C112: Йога | D112: 1 | E112: 0 | F112: 30 | J112: =IF(OR(E112="",F112=""),"",E112*F112) -> 0 | K112: =IF($M112="","",INDEX('Программа тренировок'!$G$6:$G$25,$M112)) | L112: =IF(OR($M112="",$F112="",$G112=""),"",IF($H112="Разминка","Разминка",IF($F112<INDEX('Программа тренировок'!$E$6:$E$25,$M112),"Ниже диапазона",IF(AND($F112>=INDEX('Программа тренировок'!$F$6:$F$25,$M112),$G112>=INDEX('Программа тренировок'!$L$6:$L$25,$M112)),"Верх диапазона: пора добавлять вес",IF($G112<INDEX('Программа тренировок'!$L$6:$L$25,$M112),"RIR ниже цели","В диапазоне"))))) | M112: =IF($C112="","",IFERROR(MATCH($C112,'Программа тренировок'!$C$6:$C$25,0),""))
J113: =IF(OR(E113="",F113=""),"",E113*F113) | K113: =IF($M113="","",INDEX('Программа тренировок'!$G$6:$G$25,$M113)) | L113: =IF(OR($M113="",$F113="",$G113=""),"",IF($H113="Разминка","Разминка",IF($F113<INDEX('Программа тренировок'!$E$6:$E$25,$M113),"Ниже диапазона",IF(AND($F113>=INDEX('Программа тренировок'!$F$6:$F$25,$M113),$G113>=INDEX('Программа тренировок'!$L$6:$L$25,$M113)),"Верх диапазона: пора добавлять вес",IF($G113<INDEX('Программа тренировок'!$L$6:$L$25,$M113),"RIR ниже цели","В диапазоне"))))) | M113: =IF($C113="","",IFERROR(MATCH($C113,'Программа тренировок'!$C$6:$C$25,0),""))
J114: =IF(OR(E114="",F114=""),"",E114*F114) | K114: =IF($M114="","",INDEX('Программа тренировок'!$G$6:$G$25,$M114)) | L114: =IF(OR($M114="",$F114="",$G114=""),"",IF($H114="Разминка","Разминка",IF($F114<INDEX('Программа тренировок'!$E$6:$E$25,$M114),"Ниже диапазона",IF(AND($F114>=INDEX('Программа тренировок'!$F$6:$F$25,$M114),$G114>=INDEX('Программа тренировок'!$L$6:$L$25,$M114)),"Верх диапазона: пора добавлять вес",IF($G114<INDEX('Программа тренировок'!$L$6:$L$25,$M114),"RIR ниже цели","В диапазоне"))))) | M114: =IF($C114="","",IFERROR(MATCH($C114,'Программа тренировок'!$C$6:$C$25,0),""))
J115: =IF(OR(E115="",F115=""),"",E115*F115) | K115: =IF($M115="","",INDEX('Программа тренировок'!$G$6:$G$25,$M115)) | L115: =IF(OR($M115="",$F115="",$G115=""),"",IF($H115="Разминка","Разминка",IF($F115<INDEX('Программа тренировок'!$E$6:$E$25,$M115),"Ниже диапазона",IF(AND($F115>=INDEX('Программа тренировок'!$F$6:$F$25,$M115),$G115>=INDEX('Программа тренировок'!$L$6:$L$25,$M115)),"Верх диапазона: пора добавлять вес",IF($G115<INDEX('Программа тренировок'!$L$6:$L$25,$M115),"RIR ниже цели","В диапазоне"))))) | M115: =IF($C115="","",IFERROR(MATCH($C115,'Программа тренировок'!$C$6:$C$25,0),""))
J116: =IF(OR(E116="",F116=""),"",E116*F116) | K116: =IF($M116="","",INDEX('Программа тренировок'!$G$6:$G$25,$M116)) | L116: =IF(OR($M116="",$F116="",$G116=""),"",IF($H116="Разминка","Разминка",IF($F116<INDEX('Программа тренировок'!$E$6:$E$25,$M116),"Ниже диапазона",IF(AND($F116>=INDEX('Программа тренировок'!$F$6:$F$25,$M116),$G116>=INDEX('Программа тренировок'!$L$6:$L$25,$M116)),"Верх диапазона: пора добавлять вес",IF($G116<INDEX('Программа тренировок'!$L$6:$L$25,$M116),"RIR ниже цели","В диапазоне"))))) | M116: =IF($C116="","",IFERROR(MATCH($C116,'Программа тренировок'!$C$6:$C$25,0),""))
J117: =IF(OR(E117="",F117=""),"",E117*F117) | K117: =IF($M117="","",INDEX('Программа тренировок'!$G$6:$G$25,$M117)) | L117: =IF(OR($M117="",$F117="",$G117=""),"",IF($H117="Разминка","Разминка",IF($F117<INDEX('Программа тренировок'!$E$6:$E$25,$M117),"Ниже диапазона",IF(AND($F117>=INDEX('Программа тренировок'!$F$6:$F$25,$M117),$G117>=INDEX('Программа тренировок'!$L$6:$L$25,$M117)),"Верх диапазона: пора добавлять вес",IF($G117<INDEX('Программа тренировок'!$L$6:$L$25,$M117),"RIR ниже цели","В диапазоне"))))) | M117: =IF($C117="","",IFERROR(MATCH($C117,'Программа тренировок'!$C$6:$C$25,0),""))
J118: =IF(OR(E118="",F118=""),"",E118*F118) | K118: =IF($M118="","",INDEX('Программа тренировок'!$G$6:$G$25,$M118)) | L118: =IF(OR($M118="",$F118="",$G118=""),"",IF($H118="Разминка","Разминка",IF($F118<INDEX('Программа тренировок'!$E$6:$E$25,$M118),"Ниже диапазона",IF(AND($F118>=INDEX('Программа тренировок'!$F$6:$F$25,$M118),$G118>=INDEX('Программа тренировок'!$L$6:$L$25,$M118)),"Верх диапазона: пора добавлять вес",IF($G118<INDEX('Программа тренировок'!$L$6:$L$25,$M118),"RIR ниже цели","В диапазоне"))))) | M118: =IF($C118="","",IFERROR(MATCH($C118,'Программа тренировок'!$C$6:$C$25,0),""))
J119: =IF(OR(E119="",F119=""),"",E119*F119) | K119: =IF($M119="","",INDEX('Программа тренировок'!$G$6:$G$25,$M119)) | L119: =IF(OR($M119="",$F119="",$G119=""),"",IF($H119="Разминка","Разминка",IF($F119<INDEX('Программа тренировок'!$E$6:$E$25,$M119),"Ниже диапазона",IF(AND($F119>=INDEX('Программа тренировок'!$F$6:$F$25,$M119),$G119>=INDEX('Программа тренировок'!$L$6:$L$25,$M119)),"Верх диапазона: пора добавлять вес",IF($G119<INDEX('Программа тренировок'!$L$6:$L$25,$M119),"RIR ниже цели","В диапазоне"))))) | M119: =IF($C119="","",IFERROR(MATCH($C119,'Программа тренировок'!$C$6:$C$25,0),""))
J120: =IF(OR(E120="",F120=""),"",E120*F120) | K120: =IF($M120="","",INDEX('Программа тренировок'!$G$6:$G$25,$M120)) | L120: =IF(OR($M120="",$F120="",$G120=""),"",IF($H120="Разминка","Разминка",IF($F120<INDEX('Программа тренировок'!$E$6:$E$25,$M120),"Ниже диапазона",IF(AND($F120>=INDEX('Программа тренировок'!$F$6:$F$25,$M120),$G120>=INDEX('Программа тренировок'!$L$6:$L$25,$M120)),"Верх диапазона: пора добавлять вес",IF($G120<INDEX('Программа тренировок'!$L$6:$L$25,$M120),"RIR ниже цели","В диапазоне"))))) | M120: =IF($C120="","",IFERROR(MATCH($C120,'Программа тренировок'!$C$6:$C$25,0),""))
J121: =IF(OR(E121="",F121=""),"",E121*F121) | K121: =IF($M121="","",INDEX('Программа тренировок'!$G$6:$G$25,$M121)) | L121: =IF(OR($M121="",$F121="",$G121=""),"",IF($H121="Разминка","Разминка",IF($F121<INDEX('Программа тренировок'!$E$6:$E$25,$M121),"Ниже диапазона",IF(AND($F121>=INDEX('Программа тренировок'!$F$6:$F$25,$M121),$G121>=INDEX('Программа тренировок'!$L$6:$L$25,$M121)),"Верх диапазона: пора добавлять вес",IF($G121<INDEX('Программа тренировок'!$L$6:$L$25,$M121),"RIR ниже цели","В диапазоне"))))) | M121: =IF($C121="","",IFERROR(MATCH($C121,'Программа тренировок'!$C$6:$C$25,0),""))
J122: =IF(OR(E122="",F122=""),"",E122*F122) | K122: =IF($M122="","",INDEX('Программа тренировок'!$G$6:$G$25,$M122)) | L122: =IF(OR($M122="",$F122="",$G122=""),"",IF($H122="Разминка","Разминка",IF($F122<INDEX('Программа тренировок'!$E$6:$E$25,$M122),"Ниже диапазона",IF(AND($F122>=INDEX('Программа тренировок'!$F$6:$F$25,$M122),$G122>=INDEX('Программа тренировок'!$L$6:$L$25,$M122)),"Верх диапазона: пора добавлять вес",IF($G122<INDEX('Программа тренировок'!$L$6:$L$25,$M122),"RIR ниже цели","В диапазоне"))))) | M122: =IF($C122="","",IFERROR(MATCH($C122,'Программа тренировок'!$C$6:$C$25,0),""))
J123: =IF(OR(E123="",F123=""),"",E123*F123) | K123: =IF($M123="","",INDEX('Программа тренировок'!$G$6:$G$25,$M123)) | L123: =IF(OR($M123="",$F123="",$G123=""),"",IF($H123="Разминка","Разминка",IF($F123<INDEX('Программа тренировок'!$E$6:$E$25,$M123),"Ниже диапазона",IF(AND($F123>=INDEX('Программа тренировок'!$F$6:$F$25,$M123),$G123>=INDEX('Программа тренировок'!$L$6:$L$25,$M123)),"Верх диапазона: пора добавлять вес",IF($G123<INDEX('Программа тренировок'!$L$6:$L$25,$M123),"RIR ниже цели","В диапазоне"))))) | M123: =IF($C123="","",IFERROR(MATCH($C123,'Программа тренировок'!$C$6:$C$25,0),""))
J124: =IF(OR(E124="",F124=""),"",E124*F124) | K124: =IF($M124="","",INDEX('Программа тренировок'!$G$6:$G$25,$M124)) | L124: =IF(OR($M124="",$F124="",$G124=""),"",IF($H124="Разминка","Разминка",IF($F124<INDEX('Программа тренировок'!$E$6:$E$25,$M124),"Ниже диапазона",IF(AND($F124>=INDEX('Программа тренировок'!$F$6:$F$25,$M124),$G124>=INDEX('Программа тренировок'!$L$6:$L$25,$M124)),"Верх диапазона: пора добавлять вес",IF($G124<INDEX('Программа тренировок'!$L$6:$L$25,$M124),"RIR ниже цели","В диапазоне"))))) | M124: =IF($C124="","",IFERROR(MATCH($C124,'Программа тренировок'!$C$6:$C$25,0),""))
... J2005: =IF(OR(E2005="",F2005=""),"",E2005*F2005) | K2005: =IF($M2005="","",INDEX('Программа тренировок'!$G$6:$G$25,$M2005)) | L2005: =IF(OR($M2005="",$F2005="",$G2005=""),"",IF($H2005="Разминка","Разминка",IF($F2005<INDEX('Программа тренировок'!$E$6:$E$25,$M2005),"Ниже диапазона",IF(AND($F2005>=INDEX('Программа тренировок'!$F$6:$F$25,$M2005),$G2005>=INDEX('Программа тренировок'!$L$6:$L$25,$M2005)),"Верх диапазона: пора добавлять вес",IF($G2005<INDEX('Программа тренировок'!$L$6:$L$25,$M2005),"RIR ниже цели","В диапазоне"))))) | M2005: =IF($C2005="","",IFERROR(MATCH($C2005,'Программа тренировок'!$C$6:$C$25,0),""))

Sheet Программа тренировок
A1: Программа тренировок: Full Body A / B / C (3 раза в неделю, через день)
A2: Синие ячейки на жёлтом фоне — параметры, их можно править (стартовые веса, диапазоны, шаги). Столбцы R–W считаются сами по журналу на листе «Тренировки» и подсказывают вес на следующую тренировку. Порядок недели, например: Пн A — Ср B — Пт C.
A3: RIR (Reps In Reserve, повторения в запасе): RIR 0 = больше ни одного качественного повторения сделать нельзя (отказ). RIR 1 = мог бы сделать ещё ≈1 повторение. RIR 2 = ещё ≈2. RIR 3 = ещё ≈3. RIR 4 и выше = слишком легко. Сомневаешься между двумя цифрами — записывай меньшую. Разминочные подходы отмечай типом «Разминка» — они не участвуют в подсказках.
A5: День | B5: № | C5: Упражнение | D5: Подходы | E5: Повт. от | F5: Повт. до | G5: Повторения | H5: Стартовый вес, кг | I5: Отдых | J5: RIR нед. 1–3 (мин.) | K5: RIR с нед. 4 (мин.) | L5: Мин. RIR сейчас | M5: Целевой RIR сейчас | N5: Шаг веса, кг | O5: Правило прогрессии | P5: Почему такой стартовый вес | Q5: Условия / комментарий | R5: Последняя тренировка | S5: Вес тогда, кг | T5: Мин. повторов | U5: Мин. RIR | V5: Подсказка на следующую | W5: Вес на следующую, кг
A6: A | B6: 1 | C6: Жим платформы ногами | D6: 3 | E6: 10 | F6: 12 | G6: =E6&"–"&F6 -> 10–12 | H6: 80 | I6: 2–3 мин | J6: 2 | K6: 1 | L6: =IF(WeekNo<=AdaptWeeks,J6,K6) -> 2 | M6: ="RIR "&L6&"–"&(L6+1) -> RIR 2–3 | N6: 5 | O6: Двойная прогрессия: во всех рабочих подходах достигнут верх диапазона при RIR не ниже цели → +шаг веса и снова с нижней границы. Нижняя граница не набрана → −1 шаг или больше отдыха. | P6: 20.06: 70×15 четыре подхода без падения повторений — вес явно не предельный. Для 10–12 при RIR 2–3 беру 80 кг (оценка). В 1-м подходе проверь RIR: если RIR 4+, добавь 5–10 кг сразу. | Q6: Ноги на середине платформы, поясница прижата к спинке, колени не «падают» внутрь. Опускай до комфортного сгибания, без отрыва таза. | R6: =IF(COUNTIF(Тренировки!$C$6:$C$2005,$C6)=0,"",_xlfn.MAXIFS(Тренировки!$A$6:$A$2005,Тренировки!$C$6:$C$2005,$C6)) -> 46193 | S6: =IF($R6="","",_xlfn.MAXIFS(Тренировки!$E$6:$E$2005,Тренировки!$C$6:$C$2005,$C6,Тренировки!$A$6:$A$2005,$R6,Тренировки!$H$6:$H$2005,"<>Разминка")) -> 70 | T6: =IF($R6="","",_xlfn.MINIFS(Тренировки!$F$6:$F$2005,Тренировки!$C$6:$C$2005,$C6,Тренировки!$A$6:$A$2005,$R6,Тренировки!$H$6:$H$2005,"<>Разминка",Тренировки!$F$6:$F$2005,">0")) -> 15 | U6: =IF($R6="","",IF(COUNTIFS(Тренировки!$C$6:$C$2005,$C6,Тренировки!$A$6:$A$2005,$R6,Тренировки!$H$6:$H$2005,"<>Разминка",Тренировки!$G$6:$G$2005,">=0")=0,"",_xlfn.MINIFS(Тренировки!$G$6:$G$2005,Тренировки!$C$6:$C$2005,$C6,Тренировки!$A$6:$A$2005,$R6,Тренировки!$H$6:$H$2005,"<>Разминка",Тренировки!$G$6:$G$2005,">=0"))) | V6: =IF($R6="","Нет данных: начни со стартового веса",IF($U6="","Внеси RIR в журнал",IF($T6<$E6,"Уменьшить вес или увеличить отдых",IF(AND($T6>=$F6,$U6>=$L6),"Увеличить вес",IF($U6>=$L6+2,"Увеличить вес (RIR слишком высокий — вес занижен)",IF($U6<$L6,"Оставить вес; останавливайся раньше (RIR ниже цели)","Оставить вес, добирай повторения")))))) -> Внеси RIR в журнал | W6: =IF($R6="",$H6,IF(LEFT($V6,9)="Увеличить",$S6+$N6,IF(LEFT($V6,9)="Уменьшить",MAX(0,$S6-$N6),$S6))) -> 70
A7: A | B7: 2 | C7: Жим в тренажёре сидя (грудь) | D7: 3 | E7: 8 | F7: 10 | G7: =E7&"–"&F7 -> 8–10 | H7: 30 | I7: 2–3 мин | J7: 2 | K7: 2 | L7: =IF(WeekNo<=AdaptWeeks,J7,K7) -> 2 | M7: ="RIR "&L7&"–"&(L7+1) -> RIR 2–3 | N7: 2.5 | O7: Двойная прогрессия: во всех рабочих подходах достигнут верх диапазона при RIR не ниже цели → +шаг веса и снова с нижней границы. Нижняя граница не набрана → −1 шаг или больше отдыха. | P7: 23.07: 30×15 и 35×8/8/8. Ровные 8 повторений намекают на RIR ≈1–2 на 35 кг, поэтому старт ниже — 30 кг: запас на адаптацию. | Q7: Нейтральный/полунейтральный хват, локти ≈45° к корпусу, амплитуда без глубокого растяжения. Боль в плече — стоп, замени на тренажёр с другой траекторией. Если минимальный шаг у тебя 5 кг — сначала добавляй повторения. | R7: =IF(COUNTIF(Тренировки!$C$6:$C$2005,$C7)=0,"",_xlfn.MAXIFS(Тренировки!$A$6:$A$2005,Тренировки!$C$6:$C$2005,$C7)) | S7: =IF($R7="","",_xlfn.MAXIFS(Тренировки!$E$6:$E$2005,Тренировки!$C$6:$C$2005,$C7,Тренировки!$A$6:$A$2005,$R7,Тренировки!$H$6:$H$2005,"<>Разминка")) | T7: =IF($R7="","",_xlfn.MINIFS(Тренировки!$F$6:$F$2005,Тренировки!$C$6:$C$2005,$C7,Тренировки!$A$6:$A$2005,$R7,Тренировки!$H$6:$H$2005,"<>Разминка",Тренировки!$F$6:$F$2005,">0")) | U7: =IF($R7="","",IF(COUNTIFS(Тренировки!$C$6:$C$2005,$C7,Тренировки!$A$6:$A$2005,$R7,Тренировки!$H$6:$H$2005,"<>Разминка",Тренировки!$G$6:$G$2005,">=0")=0,"",_xlfn.MINIFS(Тренировки!$G$6:$G$2005,Тренировки!$C$6:$C$2005,$C7,Тренировки!$A$6:$A$2005,$R7,Тренировки!$H$6:$H$2005,"<>Разминка",Тренировки!$G$6:$G$2005,">=0"))) | V7: =IF($R7="","Нет данных: начни со стартового веса",IF($U7="","Внеси RIR в журнал",IF($T7<$E7,"Уменьшить вес или увеличить отдых",IF(AND($T7>=$F7,$U7>=$L7),"Увеличить вес",IF($U7>=$L7+2,"Увеличить вес (RIR слишком высокий — вес занижен)",IF($U7<$L7,"Оставить вес; останавливайся раньше (RIR ниже цели)","Оставить вес, добирай повторения")))))) -> Нет данных: начни со стартового веса | W7: =IF($R7="",$H7,IF(LEFT($V7,9)="Увеличить",$S7+$N7,IF(LEFT($V7,9)="Уменьшить",MAX(0,$S7-$N7),$S7))) -> 30
A8: A | B8: 3 | C8: Горизонтальная тяга в блоке (нейтральный хват) | D8: 3 | E8: 10 | F8: 12 | G8: =E8&"–"&F8 -> 10–12 | H8: 40 | I8: 2 мин | J8: 2 | K8: 1 | L8: =IF(WeekNo<=AdaptWeeks,J8,K8) -> 2 | M8: ="RIR "&L8&"–"&(L8+1) -> RIR 2–3 | N8: 2.5 | O8: Двойная прогрессия: во всех рабочих подходах достигнут верх диапазона при RIR не ниже цели → +шаг веса и снова с нижней границы. Нижняя граница не набрана → −1 шаг или больше отдыха. | P8: Истории по этому упражнению нет — старт по оценке 40 кг (немного ниже рабочего веса тяги верхнего блока 54,5×10). Первая тренировка — калибровка RIR. | Q8: Корпус неподвижен, тяни к низу живота, без раскачки поясницей. Лопатки сводить плавно. | R8: =IF(COUNTIF(Тренировки!$C$6:$C$2005,$C8)=0,"",_xlfn.MAXIFS(Тренировки!$A$6:$A$2005,Тренировки!$C$6:$C$2005,$C8)) | S8: =IF($R8="","",_xlfn.MAXIFS(Тренировки!$E$6:$E$2005,Тренировки!$C$6:$C$2005,$C8,Тренировки!$A$6:$A$2005,$R8,Тренировки!$H$6:$H$2005,"<>Разминка")) | T8: =IF($R8="","",_xlfn.MINIFS(Тренировки!$F$6:$F$2005,Тренировки!$C$6:$C$2005,$C8,Тренировки!$A$6:$A$2005,$R8,Тренировки!$H$6:$H$2005,"<>Разминка",Тренировки!$F$6:$F$2005,">0")) | U8: =IF($R8="","",IF(COUNTIFS(Тренировки!$C$6:$C$2005,$C8,Тренировки!$A$6:$A$2005,$R8,Тренировки!$H$6:$H$2005,"<>Разминка",Тренировки!$G$6:$G$2005,">=0")=0,"",_xlfn.MINIFS(Тренировки!$G$6:$G$2005,Тренировки!$C$6:$C$2005,$C8,Тренировки!$A$6:$A$2005,$R8,Тренировки!$H$6:$H$2005,"<>Разминка",Тренировки!$G$6:$G$2005,">=0"))) | V8: =IF($R8="","Нет данных: начни со стартового веса",IF($U8="","Внеси RIR в журнал",IF($T8<$E8,"Уменьшить вес или увеличить отдых",IF(AND($T8>=$F8,$U8>=$L8),"Увеличить вес",IF($U8>=$L8+2,"Увеличить вес (RIR слишком высокий — вес занижен)",IF($U8<$L8,"Оставить вес; останавливайся раньше (RIR ниже цели)","Оставить вес, добирай повторения")))))) -> Нет данных: начни со стартового веса | W8: =IF($R8="",$H8,IF(LEFT($V8,9)="Увеличить",$S8+$N8,IF(LEFT($V8,9)="Уменьшить",MAX(0,$S8-$N8),$S8))) -> 40
A9: A | B9: 4 | C9: Сгибание ног лёжа | D9: 3 | E9: 10 | F9: 12 | G9: =E9&"–"&F9 -> 10–12 | H9: 25 | I9: 90 сек | J9: 2 | K9: 1 | L9: =IF(WeekNo<=AdaptWeeks,J9,K9) -> 2 | M9: ="RIR "&L9&"–"&(L9+1) -> RIR 2–3 | N9: 2.5 | O9: Изоляция: сначала добавляй повторения до верха диапазона; вес +минимальный шаг, только когда верх во всех подходах и RIR не ниже цели. Если шаг больше ~10% веса — сначала +1–2 повтора сверх верха. | P9: 20.06: 30/25/25/20 кг по 15 повторений — вес при 15 повт. ≈25. Для 10–12 при RIR 2 старт 25 кг. | Q9: Таз прижат к скамье, без прогиба в пояснице; опускай медленно (2–3 с). | R9: =IF(COUNTIF(Тренировки!$C$6:$C$2005,$C9)=0,"",_xlfn.MAXIFS(Тренировки!$A$6:$A$2005,Тренировки!$C$6:$C$2005,$C9)) | S9: =IF($R9="","",_xlfn.MAXIFS(Тренировки!$E$6:$E$2005,Тренировки!$C$6:$C$2005,$C9,Тренировки!$A$6:$A$2005,$R9,Тренировки!$H$6:$H$2005,"<>Разминка")) | T9: =IF($R9="","",_xlfn.MINIFS(Тренировки!$F$6:$F$2005,Тренировки!$C$6:$C$2005,$C9,Тренировки!$A$6:$A$2005,$R9,Тренировки!$H$6:$H$2005,"<>Разминка",Тренировки!$F$6:$F$2005,">0")) | U9: =IF($R9="","",IF(COUNTIFS(Тренировки!$C$6:$C$2005,$C9,Тренировки!$A$6:$A$2005,$R9,Тренировки!$H$6:$H$2005,"<>Разминка",Тренировки!$G$6:$G$2005,">=0")=0,"",_xlfn.MINIFS(Тренировки!$G$6:$G$2005,Тренировки!$C$6:$C$2005,$C9,Тренировки!$A$6:$A$2005,$R9,Тренировки!$H$6:$H$2005,"<>Разминка",Тренировки!$G$6:$G$2005,">=0"))) | V9: =IF($R9="","Нет данных: начни со стартового веса",IF($U9="","Внеси RIR в журнал",IF($T9<$E9,"Уменьшить вес или увеличить отдых",IF(AND($T9>=$F9,$U9>=$L9),"Увеличить вес",IF($U9>=$L9+2,"Увеличить вес (RIR слишком высокий — вес занижен)",IF($U9<$L9,"Оставить вес; останавливайся раньше (RIR ниже цели)","Оставить вес, добирай повторения")))))) -> Нет данных: начни со стартового веса | W9: =IF($R9="",$H9,IF(LEFT($V9,9)="Увеличить",$S9+$N9,IF(LEFT($V9,9)="Уменьшить",MAX(0,$S9-$N9),$S9))) -> 25
A10: A | B10: 5 | C10: Жим носками на платформе (икры) | D10: 3 | E10: 12 | F10: 15 | G10: =E10&"–"&F10 -> 12–15 | H10: 50 | I10: 60–90 сек | J10: 2 | K10: 1 | L10: =IF(WeekNo<=AdaptWeeks,J10,K10) -> 2 | M10: ="RIR "&L10&"–"&(L10+1) -> RIR 2–3 | N10: 5 | O10: Изоляция: сначала добавляй повторения до верха диапазона; вес +минимальный шаг, только когда верх во всех подходах и RIR не ниже цели. Если шаг больше ~10% веса — сначала +1–2 повтора сверх верха. | P10: Истории нет — оценка 50 кг (заметно ниже веса жима ногами). Проверь RIR в первом подходе. | Q10: Полная амплитуда: пауза 1 с внизу и вверху, колени почти прямые. | R10: =IF(COUNTIF(Тренировки!$C$6:$C$2005,$C10)=0,"",_xlfn.MAXIFS(Тренировки!$A$6:$A$2005,Тренировки!$C$6:$C$2005,$C10)) | S10: =IF($R10="","",_xlfn.MAXIFS(Тренировки!$E$6:$E$2005,Тренировки!$C$6:$C$2005,$C10,Тренировки!$A$6:$A$2005,$R10,Тренировки!$H$6:$H$2005,"<>Разминка")) | T10: =IF($R10="","",_xlfn.MINIFS(Тренировки!$F$6:$F$2005,Тренировки!$C$6:$C$2005,$C10,Тренировки!$A$6:$A$2005,$R10,Тренировки!$H$6:$H$2005,"<>Разминка",Тренировки!$F$6:$F$2005,">0")) | U10: =IF($R10="","",IF(COUNTIFS(Тренировки!$C$6:$C$2005,$C10,Тренировки!$A$6:$A$2005,$R10,Тренировки!$H$6:$H$2005,"<>Разминка",Тренировки!$G$6:$G$2005,">=0")=0,"",_xlfn.MINIFS(Тренировки!$G$6:$G$2005,Тренировки!$C$6:$C$2005,$C10,Тренировки!$A$6:$A$2005,$R10,Тренировки!$H$6:$H$2005,"<>Разминка",Тренировки!$G$6:$G$2005,">=0"))) | V10: =IF($R10="","Нет данных: начни со стартового веса",IF($U10="","Внеси RIR в журнал",IF($T10<$E10,"Уменьшить вес или увеличить отдых",IF(AND($T10>=$F10,$U10>=$L10),"Увеличить вес",IF($U10>=$L10+2,"Увеличить вес (RIR слишком высокий — вес занижен)",IF($U10<$L10,"Оставить вес; останавливайся раньше (RIR ниже цели)","Оставить вес, добирай повторения")))))) -> Нет данных: начни со стартового веса | W10: =IF($R10="",$H10,IF(LEFT($V10,9)="Увеличить",$S10+$N10,IF(LEFT($V10,9)="Уменьшить",MAX(0,$S10-$N10),$S10))) -> 50
A11: A | B11: 6 | C11: Pallof press (антиротация, блок) | D11: 3 | E11: 10 | F11: 12 | G11: =E11&"–"&F11 -> 10–12 | H11: 10 | I11: 60 сек | J11: 3 | K11: 2 | L11: =IF(WeekNo<=AdaptWeeks,J11,K11) -> 3 | M11: ="RIR "&L11&"–"&(L11+1) -> RIR 3–4 | N11: 2.5 | O11: Изоляция: сначала добавляй повторения до верха диапазона; вес +минимальный шаг, только когда верх во всех подходах и RIR не ниже цели. Если шаг больше ~10% веса — сначала +1–2 повтора сверх верха. | P11: Истории нет — лёгкий вес 10 кг (оценка): цель — стабилизация корпуса, а не тоннаж. Повторения считаются на сторону. | Q11: Безопасный вариант для корпуса при склонности к зажимам в пояснице: корпус не вращается, поясница нейтральна. Не заменяй скручиваниями с весом. | R11: =IF(COUNTIF(Тренировки!$C$6:$C$2005,$C11)=0,"",_xlfn.MAXIFS(Тренировки!$A$6:$A$2005,Тренировки!$C$6:$C$2005,$C11)) | S11: =IF($R11="","",_xlfn.MAXIFS(Тренировки!$E$6:$E$2005,Тренировки!$C$6:$C$2005,$C11,Тренировки!$A$6:$A$2005,$R11,Тренировки!$H$6:$H$2005,"<>Разминка")) | T11: =IF($R11="","",_xlfn.MINIFS(Тренировки!$F$6:$F$2005,Тренировки!$C$6:$C$2005,$C11,Тренировки!$A$6:$A$2005,$R11,Тренировки!$H$6:$H$2005,"<>Разминка",Тренировки!$F$6:$F$2005,">0")) | U11: =IF($R11="","",IF(COUNTIFS(Тренировки!$C$6:$C$2005,$C11,Тренировки!$A$6:$A$2005,$R11,Тренировки!$H$6:$H$2005,"<>Разминка",Тренировки!$G$6:$G$2005,">=0")=0,"",_xlfn.MINIFS(Тренировки!$G$6:$G$2005,Тренировки!$C$6:$C$2005,$C11,Тренировки!$A$6:$A$2005,$R11,Тренировки!$H$6:$H$2005,"<>Разминка",Тренировки!$G$6:$G$2005,">=0"))) | V11: =IF($R11="","Нет данных: начни со стартового веса",IF($U11="","Внеси RIR в журнал",IF($T11<$E11,"Уменьшить вес или увеличить отдых",IF(AND($T11>=$F11,$U11>=$L11),"Увеличить вес",IF($U11>=$L11+2,"Увеличить вес (RIR слишком высокий — вес занижен)",IF($U11<$L11,"Оставить вес; останавливайся раньше (RIR ниже цели)","Оставить вес, добирай повторения")))))) -> Нет данных: начни со стартового веса | W11: =IF($R11="",$H11,IF(LEFT($V11,9)="Увеличить",$S11+$N11,IF(LEFT($V11,9)="Уменьшить",MAX(0,$S11-$N11),$S11))) -> 10
A12: B | B12: 1 | C12: Присед в Смите (ноги чуть вперёд) | D12: 3 | E12: 10 | F12: 12 | G12: =E12&"–"&F12 -> 10–12 | H12: 30 | I12: 2–3 мин | J12: 3 | K12: 2 | L12: =IF(WeekNo<=AdaptWeeks,J12,K12) -> 3 | M12: ="RIR "&L12&"–"&(L12+1) -> RIR 3–4 | N12: 2.5 | O12: Двойная прогрессия: во всех рабочих подходах достигнут верх диапазона при RIR не ниже цели → +шаг веса и снова с нижней границы. Нижняя граница не набрана → −1 шаг или больше отдыха. | P12: 20.06: 30×15 четыре подхода без падения — вес лёгкий. Для 10–12 при RIR 3 старт 30 кг; прогресс строго через технику и контроль. | Q12: С осторожностью для спины: корпус вертикально, без тяжёлого веса и без «прогиба». Если поясница зажимается — замени на жим ногами (гакк-присед). Уточни, включён ли вес грифа в твои 30 кг. | R12: =IF(COUNTIF(Тренировки!$C$6:$C$2005,$C12)=0,"",_xlfn.MAXIFS(Тренировки!$A$6:$A$2005,Тренировки!$C$6:$C$2005,$C12)) | S12: =IF($R12="","",_xlfn.MAXIFS(Тренировки!$E$6:$E$2005,Тренировки!$C$6:$C$2005,$C12,Тренировки!$A$6:$A$2005,$R12,Тренировки!$H$6:$H$2005,"<>Разминка")) | T12: =IF($R12="","",_xlfn.MINIFS(Тренировки!$F$6:$F$2005,Тренировки!$C$6:$C$2005,$C12,Тренировки!$A$6:$A$2005,$R12,Тренировки!$H$6:$H$2005,"<>Разминка",Тренировки!$F$6:$F$2005,">0")) | U12: =IF($R12="","",IF(COUNTIFS(Тренировки!$C$6:$C$2005,$C12,Тренировки!$A$6:$A$2005,$R12,Тренировки!$H$6:$H$2005,"<>Разминка",Тренировки!$G$6:$G$2005,">=0")=0,"",_xlfn.MINIFS(Тренировки!$G$6:$G$2005,Тренировки!$C$6:$C$2005,$C12,Тренировки!$A$6:$A$2005,$R12,Тренировки!$H$6:$H$2005,"<>Разминка",Тренировки!$G$6:$G$2005,">=0"))) | V12: =IF($R12="","Нет данных: начни со стартового веса",IF($U12="","Внеси RIR в журнал",IF($T12<$E12,"Уменьшить вес или увеличить отдых",IF(AND($T12>=$F12,$U12>=$L12),"Увеличить вес",IF($U12>=$L12+2,"Увеличить вес (RIR слишком высокий — вес занижен)",IF($U12<$L12,"Оставить вес; останавливайся раньше (RIR ниже цели)","Оставить вес, добирай повторения")))))) -> Нет данных: начни со стартового веса | W12: =IF($R12="",$H12,IF(LEFT($V12,9)="Увеличить",$S12+$N12,IF(LEFT($V12,9)="Уменьшить",MAX(0,$S12-$N12),$S12))) -> 30
A13: B | B13: 2 | C13: Жим гантелей на наклонной 30° (кг на гантель) | D13: 3 | E13: 8 | F13: 10 | G13: =E13&"–"&F13 -> 8–10 | H13: 12 | I13: 2–3 мин | J13: 2 | K13: 2 | L13: =IF(WeekNo<=AdaptWeeks,J13,K13) -> 2 | M13: ="RIR "&L13&"–"&(L13+1) -> RIR 2–3 | N13: 1 | O13: Двойная прогрессия: во всех рабочих подходах достигнут верх диапазона при RIR не ниже цели → +шаг веса и снова с нижней границы. Нижняя граница не набрана → −1 шаг или больше отдыха. | P13: 27.06: 12×12, затем 12×5, 12×3 — падение объясняется усталостью после тяжёлого жима в Смите, а не «предельным весом». Старт 12 кг с нейтральным хватом и RIR 2–3. | Q13: Нейтральный хват (ладони друг к другу), локти ≈45°, опускай до комфортной глубины, без глубокой растяжки груди. Боль в плече — прекратить упражнение, заменить жимом в тренажёре. | R13: =IF(COUNTIF(Тренировки!$C$6:$C$2005,$C13)=0,"",_xlfn.MAXIFS(Тренировки!$A$6:$A$2005,Тренировки!$C$6:$C$2005,$C13)) | S13: =IF($R13="","",_xlfn.MAXIFS(Тренировки!$E$6:$E$2005,Тренировки!$C$6:$C$2005,$C13,Тренировки!$A$6:$A$2005,$R13,Тренировки!$H$6:$H$2005,"<>Разминка")) | T13: =IF($R13="","",_xlfn.MINIFS(Тренировки!$F$6:$F$2005,Тренировки!$C$6:$C$2005,$C13,Тренировки!$A$6:$A$2005,$R13,Тренировки!$H$6:$H$2005,"<>Разминка",Тренировки!$F$6:$F$2005,">0")) | U13: =IF($R13="","",IF(COUNTIFS(Тренировки!$C$6:$C$2005,$C13,Тренировки!$A$6:$A$2005,$R13,Тренировки!$H$6:$H$2005,"<>Разминка",Тренировки!$G$6:$G$2005,">=0")=0,"",_xlfn.MINIFS(Тренировки!$G$6:$G$2005,Тренировки!$C$6:$C$2005,$C13,Тренировки!$A$6:$A$2005,$R13,Тренировки!$H$6:$H$2005,"<>Разминка",Тренировки!$G$6:$G$2005,">=0"))) | V13: =IF($R13="","Нет данных: начни со стартового веса",IF($U13="","Внеси RIR в журнал",IF($T13<$E13,"Уменьшить вес или увеличить отдых",IF(AND($T13>=$F13,$U13>=$L13),"Увеличить вес",IF($U13>=$L13+2,"Увеличить вес (RIR слишком высокий — вес занижен)",IF($U13<$L13,"Оставить вес; останавливайся раньше (RIR ниже цели)","Оставить вес, добирай повторения")))))) -> Нет данных: начни со стартового веса | W13: =IF($R13="",$H13,IF(LEFT($V13,9)="Увеличить",$S13+$N13,IF(LEFT($V13,9)="Уменьшить",MAX(0,$S13-$N13),$S13))) -> 12
A14: B | B14: 3 | C14: Румынская тяга с гантелями (кг на гантель) | D14: 3 | E14: 10 | F14: 12 | G14: =E14&"–"&F14 -> 10–12 | H14: 12 | I14: 2 мин | J14: 3 | K14: 2 | L14: =IF(WeekNo<=AdaptWeeks,J14,K14) -> 3 | M14: ="RIR "&L14&"–"&(L14+1) -> RIR 3–4 | N14: 2 | O14: Двойная прогрессия: во всех рабочих подходах достигнут верх диапазона при RIR не ниже цели → +шаг веса и снова с нижней границы. Нижняя граница не набрана → −1 шаг или больше отдыха. | P14: Истории нет — лёгкий вес 12 кг на гантель (оценка), чтобы отработать спину нейтрально. Цель — заднюю поверхность бедра и ягодицы, без нагрузки на поясницу. | Q14: Спина нейтральная, гантели скользят по бёдрам, опускай до середины голени. Если поясница зажимается — замени на ягодичный мост. | R14: =IF(COUNTIF(Тренировки!$C$6:$C$2005,$C14)=0,"",_xlfn.MAXIFS(Тренировки!$A$6:$A$2005,Тренировки!$C$6:$C$2005,$C14)) | S14: =IF($R14="","",_xlfn.MAXIFS(Тренировки!$E$6:$E$2005,Тренировки!$C$6:$C$2005,$C14,Тренировки!$A$6:$A$2005,$R14,Тренировки!$H$6:$H$2005,"<>Разминка")) | T14: =IF($R14="","",_xlfn.MINIFS(Тренировки!$F$6:$F$2005,Тренировки!$C$6:$C$2005,$C14,Тренировки!$A$6:$A$2005,$R14,Тренировки!$H$6:$H$2005,"<>Разминка",Тренировки!$F$6:$F$2005,">0")) | U14: =IF($R14="","",IF(COUNTIFS(Тренировки!$C$6:$C$2005,$C14,Тренировки!$A$6:$A$2005,$R14,Тренировки!$H$6:$H$2005,"<>Разминка",Тренировки!$G$6:$G$2005,">=0")=0,"",_xlfn.MINIFS(Тренировки!$G$6:$G$2005,Тренировки!$C$6:$C$2005,$C14,Тренировки!$A$6:$A$2005,$R14,Тренировки!$H$6:$H$2005,"<>Разминка",Тренировки!$G$6:$G$2005,">=0"))) | V14: =IF($R14="","Нет данных: начни со стартового веса",IF($U14="","Внеси RIR в журнал",IF($T14<$E14,"Уменьшить вес или увеличить отдых",IF(AND($T14>=$F14,$U14>=$L14),"Увеличить вес",IF($U14>=$L14+2,"Увеличить вес (RIR слишком высокий — вес занижен)",IF($U14<$L14,"Оставить вес; останавливайся раньше (RIR ниже цели)","Оставить вес, добирай повторения")))))) -> Нет данных: начни со стартового веса | W14: =IF($R14="",$H14,IF(LEFT($V14,9)="Увеличить",$S14+$N14,IF(LEFT($V14,9)="Уменьшить",MAX(0,$S14-$N14),$S14))) -> 12
A15: B | B15: 4 | C15: Подъёмы гантелей в стороны (кг на гантель) | D15: 3 | E15: 12 | F15: 15 | G15: =E15&"–"&F15 -> 12–15 | H15: 10 | I15: 60–90 сек | J15: 2 | K15: 2 | L15: =IF(WeekNo<=AdaptWeeks,J15,K15) -> 2 | M15: ="RIR "&L15&"–"&(L15+1) -> RIR 2–3 | N15: 1 | O15: Изоляция: сначала добавляй повторения до верха диапазона; вес +минимальный шаг, только когда верх во всех подходах и RIR не ниже цели. Если шаг больше ~10% веса — сначала +1–2 повтора сверх верха. | P15: 16.07: 12.5×15, затем 15×8 ×3. Для 12–15 при RIR 2 беру 10 кг — чуть ниже 12.5 из-за осторожности к плечу. | Q15: Поднимай до уровня плеч, не выше; корпус без раскачки. Если минимальный шаг гантелей 2,5 кг — сначала добавляй повторения до 15. | R15: =IF(COUNTIF(Тренировки!$C$6:$C$2005,$C15)=0,"",_xlfn.MAXIFS(Тренировки!$A$6:$A$2005,Тренировки!$C$6:$C$2005,$C15)) | S15: =IF($R15="","",_xlfn.MAXIFS(Тренировки!$E$6:$E$2005,Тренировки!$C$6:$C$2005,$C15,Тренировки!$A$6:$A$2005,$R15,Тренировки!$H$6:$H$2005,"<>Разминка")) | T15: =IF($R15="","",_xlfn.MINIFS(Тренировки!$F$6:$F$2005,Тренировки!$C$6:$C$2005,$C15,Тренировки!$A$6:$A$2005,$R15,Тренировки!$H$6:$H$2005,"<>Разминка",Тренировки!$F$6:$F$2005,">0")) | U15: =IF($R15="","",IF(COUNTIFS(Тренировки!$C$6:$C$2005,$C15,Тренировки!$A$6:$A$2005,$R15,Тренировки!$H$6:$H$2005,"<>Разминка",Тренировки!$G$6:$G$2005,">=0")=0,"",_xlfn.MINIFS(Тренировки!$G$6:$G$2005,Тренировки!$C$6:$C$2005,$C15,Тренировки!$A$6:$A$2005,$R15,Тренировки!$H$6:$H$2005,"<>Разминка",Тренировки!$G$6:$G$2005,">=0"))) | V15: =IF($R15="","Нет данных: начни со стартового веса",IF($U15="","Внеси RIR в журнал",IF($T15<$E15,"Уменьшить вес или увеличить отдых",IF(AND($T15>=$F15,$U15>=$L15),"Увеличить вес",IF($U15>=$L15+2,"Увеличить вес (RIR слишком высокий — вес занижен)",IF($U15<$L15,"Оставить вес; останавливайся раньше (RIR ниже цели)","Оставить вес, добирай повторения")))))) -> Нет данных: начни со стартового веса | W15: =IF($R15="",$H15,IF(LEFT($V15,9)="Увеличить",$S15+$N15,IF(LEFT($V15,9)="Уменьшить",MAX(0,$S15-$N15),$S15))) -> 10
A16: B | B16: 5 | C16: Разгибание рук на верхнем блоке (канат) | D16: 3 | E16: 10 | F16: 12 | G16: =E16&"–"&F16 -> 10–12 | H16: 30 | I16: 90 сек | J16: 2 | K16: 1 | L16: =IF(WeekNo<=AdaptWeeks,J16,K16) -> 2 | M16: ="RIR "&L16&"–"&(L16+1) -> RIR 2–3 | N16: 2.5 | O16: Изоляция: сначала добавляй повторения до верха диапазона; вес +минимальный шаг, только когда верх во всех подходах и RIR не ниже цели. Если шаг больше ~10% веса — сначала +1–2 повтора сверх верха. | P16: 20.07: 35×10/9/10 — рабочий вес около RIR 1–2. Старт 30 кг с запасом. | Q16: Локти прижаты, без раскачки корпусом. | R16: =IF(COUNTIF(Тренировки!$C$6:$C$2005,$C16)=0,"",_xlfn.MAXIFS(Тренировки!$A$6:$A$2005,Тренировки!$C$6:$C$2005,$C16)) | S16: =IF($R16="","",_xlfn.MAXIFS(Тренировки!$E$6:$E$2005,Тренировки!$C$6:$C$2005,$C16,Тренировки!$A$6:$A$2005,$R16,Тренировки!$H$6:$H$2005,"<>Разминка")) | T16: =IF($R16="","",_xlfn.MINIFS(Тренировки!$F$6:$F$2005,Тренировки!$C$6:$C$2005,$C16,Тренировки!$A$6:$A$2005,$R16,Тренировки!$H$6:$H$2005,"<>Разминка",Тренировки!$F$6:$F$2005,">0")) | U16: =IF($R16="","",IF(COUNTIFS(Тренировки!$C$6:$C$2005,$C16,Тренировки!$A$6:$A$2005,$R16,Тренировки!$H$6:$H$2005,"<>Разминка",Тренировки!$G$6:$G$2005,">=0")=0,"",_xlfn.MINIFS(Тренировки!$G$6:$G$2005,Тренировки!$C$6:$C$2005,$C16,Тренировки!$A$6:$A$2005,$R16,Тренировки!$H$6:$H$2005,"<>Разминка",Тренировки!$G$6:$G$2005,">=0"))) | V16: =IF($R16="","Нет данных: начни со стартового веса",IF($U16="","Внеси RIR в журнал",IF($T16<$E16,"Уменьшить вес или увеличить отдых",IF(AND($T16>=$F16,$U16>=$L16),"Увеличить вес",IF($U16>=$L16+2,"Увеличить вес (RIR слишком высокий — вес занижен)",IF($U16<$L16,"Оставить вес; останавливайся раньше (RIR ниже цели)","Оставить вес, добирай повторения")))))) -> Нет данных: начни со стартового веса | W16: =IF($R16="",$H16,IF(LEFT($V16,9)="Увеличить",$S16+$N16,IF(LEFT($V16,9)="Уменьшить",MAX(0,$S16-$N16),$S16))) -> 30
A17: B | B17: 6 | C17: Разведение на задний пучок (пек-дек) | D17: 3 | E17: 12 | F17: 15 | G17: =E17&"–"&F17 -> 12–15 | H17: 8 | I17: 60–90 сек | J17: 2 | K17: 1 | L17: =IF(WeekNo<=AdaptWeeks,J17,K17) -> 2 | M17: ="RIR "&L17&"–"&(L17+1) -> RIR 2–3 | N17: 2 | O17: Изоляция: сначала добавляй повторения до верха диапазона; вес +минимальный шаг, только когда верх во всех подходах и RIR не ниже цели. Если шаг больше ~10% веса — сначала +1–2 повтора сверх верха. | P17: 16.07: 10×10/10/8/8; 27.06: 6×20. Для 12–15 при RIR 2 старт 8. | Q17: Небольшая амплитуда, без рывка, лопатки не задираем к ушам. | R17: =IF(COUNTIF(Тренировки!$C$6:$C$2005,$C17)=0,"",_xlfn.MAXIFS(Тренировки!$A$6:$A$2005,Тренировки!$C$6:$C$2005,$C17)) | S17: =IF($R17="","",_xlfn.MAXIFS(Тренировки!$E$6:$E$2005,Тренировки!$C$6:$C$2005,$C17,Тренировки!$A$6:$A$2005,$R17,Тренировки!$H$6:$H$2005,"<>Разминка")) | T17: =IF($R17="","",_xlfn.MINIFS(Тренировки!$F$6:$F$2005,Тренировки!$C$6:$C$2005,$C17,Тренировки!$A$6:$A$2005,$R17,Тренировки!$H$6:$H$2005,"<>Разминка",Тренировки!$F$6:$F$2005,">0")) | U17: =IF($R17="","",IF(COUNTIFS(Тренировки!$C$6:$C$2005,$C17,Тренировки!$A$6:$A$2005,$R17,Тренировки!$H$6:$H$2005,"<>Разминка",Тренировки!$G$6:$G$2005,">=0")=0,"",_xlfn.MINIFS(Тренировки!$G$6:$G$2005,Тренировки!$C$6:$C$2005,$C17,Тренировки!$A$6:$A$2005,$R17,Тренировки!$H$6:$H$2005,"<>Разминка",Тренировки!$G$6:$G$2005,">=0"))) | V17: =IF($R17="","Нет данных: начни со стартового веса",IF($U17="","Внеси RIR в журнал",IF($T17<$E17,"Уменьшить вес или увеличить отдых",IF(AND($T17>=$F17,$U17>=$L17),"Увеличить вес",IF($U17>=$L17+2,"Увеличить вес (RIR слишком высокий — вес занижен)",IF($U17<$L17,"Оставить вес; останавливайся раньше (RIR ниже цели)","Оставить вес, добирай повторения")))))) -> Нет данных: начни со стартового веса | W17: =IF($R17="",$H17,IF(LEFT($V17,9)="Увеличить",$S17+$N17,IF(LEFT($V17,9)="Уменьшить",MAX(0,$S17-$N17),$S17))) -> 8
... A25: C | B25: 7 | C25: Боковая планка (секунды на сторону) | D25: 3 | E25: 20 | F25: 40 | G25: =E25&"–"&F25 -> 20–40 | H25: 0 | I25: 60 сек | J25: 3 | K25: 2 | L25: =IF(WeekNo<=AdaptWeeks,J25,K25) -> 3 | M25: ="RIR "&L25&"–"&(L25+1) -> RIR 3–4 | N25: 0 | O25: Свой вес: сначала +повторения/секунды до верха диапазона, затем замедли темп (3 с на опускание), затем добавь лёгкое утяжеление. | P25: Со своим весом; «повторения» = секунды на сторону. | Q25: Корпус в линии, таз не проваливается. Боль в плече — сократи время или согни колени. | R25: =IF(COUNTIF(Тренировки!$C$6:$C$2005,$C25)=0,"",_xlfn.MAXIFS(Тренировки!$A$6:$A$2005,Тренировки!$C$6:$C$2005,$C25)) | S25: =IF($R25="","",_xlfn.MAXIFS(Тренировки!$E$6:$E$2005,Тренировки!$C$6:$C$2005,$C25,Тренировки!$A$6:$A$2005,$R25,Тренировки!$H$6:$H$2005,"<>Разминка")) | T25: =IF($R25="","",_xlfn.MINIFS(Тренировки!$F$6:$F$2005,Тренировки!$C$6:$C$2005,$C25,Тренировки!$A$6:$A$2005,$R25,Тренировки!$H$6:$H$2005,"<>Разминка",Тренировки!$F$6:$F$2005,">0")) | U25: =IF($R25="","",IF(COUNTIFS(Тренировки!$C$6:$C$2005,$C25,Тренировки!$A$6:$A$2005,$R25,Тренировки!$H$6:$H$2005,"<>Разминка",Тренировки!$G$6:$G$2005,">=0")=0,"",_xlfn.MINIFS(Тренировки!$G$6:$G$2005,Тренировки!$C$6:$C$2005,$C25,Тренировки!$A$6:$A$2005,$R25,Тренировки!$H$6:$H$2005,"<>Разминка",Тренировки!$G$6:$G$2005,">=0"))) | V25: =IF($R25="","Нет данных: начни со стартового веса",IF($U25="","Внеси RIR в журнал",IF($T25<$E25,"Уменьшить вес или увеличить отдых",IF(AND($T25>=$F25,$U25>=$L25),"Увеличить вес",IF($U25>=$L25+2,"Увеличить вес (RIR слишком высокий — вес занижен)",IF($U25<$L25,"Оставить вес; останавливайся раньше (RIR ниже цели)","Оставить вес, добирай повторения")))))) -> Нет данных: начни со стартового веса | W25: =IF($R25="",$H25,IF(LEFT($V25,9)="Увеличить",$S25+$N25,IF(LEFT($V25,9)="Уменьшить",MAX(0,$S25-$N25),$S25))) -> 0
A28: Правила системы
A29: 1. Стартовые веса: там, где у тебя есть история, вес взят из неё, но с запасом (записи без RIR). Где истории нет — это оценка, она помечена в столбце «Почему такой стартовый вес». Первая тренировка — калибровка: после 1-го подхода запиши RIR и поправь вес.
A30: 2. Пока не достигнуто 10/10/10 (или верх диапазона) в рамках целевого RIR — вес не увеличиваем. Пример для диапазона 8–10: 10/10/10 при RIR 2 → увеличить вес; 10/9/8 при RIR 1–2 → оставить; 10/7/5 → вес, вероятно, слишком большой или мало отдыха → снизить на шаг или увеличить отдых.
A31: 3. Первые недели (адаптация): RIR 2–3 везде, до отказа не идём. Приоритет: техника → контроль → переносимость → повторения → вес → объём.
A32: 4. Правило боли: мышечное усилие, жжение и обычная усталость — норма. Боль в суставе (плечо, спина, другой сустав) — нет: прекрати именно это упражнение, не продолжай через боль и не компенсируй техникой, замени упражнение (столбец «Условия»). Если боль повторяется, сохраняется или усиливается — обратись к врачу или физиотерапевту.
A33: 5. Разминка: 1–2 лёгких подхода перед первым упражнением каждого мышечного блока; в журнал вноси их с типом «Разминка».

Sheet Программа питания
A1: Программа питания
A2: Цели ниже берутся с листа «Настройки». В примере дня меняй продукты (список) и граммы (синие ячейки) — КБЖУ пересчитается. Значения на 100 г — на листе «Продукты».
A4: Стратегия
A5: Небольшой дефицит (≈350 ккал/сут, ≈14% от TDEE) + силовые 3 раза в неделю + высокий белок (≈2 г/кг). Почему не чистая рекомпозиция на поддержании: набор ≈6,6 кг произошёл за последние месяцы на фоне падения активности — вероятно, заметная часть жир, но точный состав тела неизвестен. Почему не большой дефицит: цель — не быстро похудеть, а сохранить/нарастить мышцы и силу и держать режим месяцами (ноги — слабое место, быстрый прогресс силы реален). Ожидаемый темп по плану ≈0,3 кг/нед (теория); реальный темп проверяется по среднему весу, не по одному взвешиванию.
A7: Стартовые цели (ссылки на «Настройки»)
A8: Показатель | B8: Значение | C8: Комментарий | D8: На кг веса
A9: Калории, ккал | B9: =TargetKcal -> 2200 | C9: ="TDEE ≈ "&TDEE&" ккал (BMR "&BMR&" × "&ActFactor&"), дефицит "&PlanDeficit&" ккал" -> TDEE ≈ 2542 ккал (BMR 1816 × 1.4), дефицит 350 ккал | D9: =B9/StartWeight -> 26.666667
A10: Белок, г | B10: =TargetProtein -> 165 | C10: ="Из них протеин: "&WheyServ*WheyProt&" г, из еды: "&(TargetProtein-WheyServ*WheyProt)&" г" -> Из них протеин: 24 г, из еды: 141 г | D10: =B10/StartWeight -> 2
A11: Жиры, г | B11: =TargetFat -> 70 | C11: Нижний предел: не опускаться ниже | D11: =B11/StartWeight -> 0.84848485
A12: Углеводы, г | B12: =TargetCarb -> 228 | C12: Остаток калорий; при коррекции калорий меняются они | D12: =B12/StartWeight -> 2.7636364
A13: Клетчатка, г | B13: =TargetFiber -> 30 | C13: ≈14 г на 1000 ккал: овощи, крупы, ягоды | D13: =B13/StartWeight -> 0.36363636
A14: Вода, л | B14: =TargetWater -> 2.8 | C14: ≈35 мл/кг; больше в жару и в дни тренировок | D14: =B14/StartWeight -> 0.033939394
A15: Проверка | B15: =4*TargetProtein+9*TargetFat+4*TargetCarb -> 2202 | C15: ккал по макро (4·Б + 9·Ж + 4·У) — должно быть ≈ цели
A17: Режим питания
A18: Время | B18: Приём | C18: Как устроить | D18: Ккал ≈ | E18: Белок ≈, г
A19: 08:00 | B19: Завтрак | C19: Дома перед работой; основа — крупа + белок + фрукт. | D19: =E31 -> 595.9 | E19: =F31 -> 33.99
A20: 12:30 | B20: Обед (на работе) | C20: Контейнер, приготовленный накануне; главный белковый приём дня. | D20: =E36 -> 585.2 | E20: =F36 -> 48.73
A21: 18:00 | B21: Ужин (дома) | C21: Главный «семейный» приём. В тренировочные дни — за 1,5–2 часа до зала. | D21: =E41 -> 623.75 | E21: =F41 -> 41.375
A22: 20:30 | B22: Вечерний белковый приём | C22: Протеин + йогурт: закрывает белок дня. В тренировочные дни протеин — сразу после зала. | D22: =E46 -> 412.4 | E22: =F46 -> 44.2
A23: Если тренировка сразу после работы (около 18:00–19:30): до зала — банан + протеин, ужин — после тренировки. Питание на нетренировочные дни то же самое — целевые цифры не меняются.
A25: Пример дня (граммовки в сыром/сухом виде, где указано в названии)
A26: Время | B26: Приём | C26: Продукт | D26: Граммы | E26: Ккал | F26: Белок, г | G26: Жиры, г | H26: Углеводы, г | I26: Клетчатка, г
A27: 08:00 | B27: Завтрак | C27: Овсяные хлопья (сухие) | D27: 70 | E27: =IFERROR(INDEX(Продукты!$B$5:$B$60,MATCH($C27,Продукты!$A$5:$A$60,0))*$D27/100,0) -> 239.4 | F27: =IFERROR(INDEX(Продукты!$C$5:$C$60,MATCH($C27,Продукты!$A$5:$A$60,0))*$D27/100,0) -> 8.61 | G27: =IFERROR(INDEX(Продукты!$D$5:$D$60,MATCH($C27,Продукты!$A$5:$A$60,0))*$D27/100,0) -> 4.27 | H27: =IFERROR(INDEX(Продукты!$E$5:$E$60,MATCH($C27,Продукты!$A$5:$A$60,0))*$D27/100,0) -> 41.65 | I27: =IFERROR(INDEX(Продукты!$F$5:$F$60,MATCH($C27,Продукты!$A$5:$A$60,0))*$D27/100,0) -> 7
A28: 08:00 | B28: Завтрак | C28: Яйцо куриное | D28: 110 | E28: =IFERROR(INDEX(Продукты!$B$5:$B$60,MATCH($C28,Продукты!$A$5:$A$60,0))*$D28/100,0) -> 163.9 | F28: =IFERROR(INDEX(Продукты!$C$5:$C$60,MATCH($C28,Продукты!$A$5:$A$60,0))*$D28/100,0) -> 13.86 | G28: =IFERROR(INDEX(Продукты!$D$5:$D$60,MATCH($C28,Продукты!$A$5:$A$60,0))*$D28/100,0) -> 11.66 | H28: =IFERROR(INDEX(Продукты!$E$5:$E$60,MATCH($C28,Продукты!$A$5:$A$60,0))*$D28/100,0) -> 0.77 | I28: =IFERROR(INDEX(Продукты!$F$5:$F$60,MATCH($C28,Продукты!$A$5:$A$60,0))*$D28/100,0) -> 0
A29: 08:00 | B29: Завтрак | C29: Творог 5% | D29: 60 | E29: =IFERROR(INDEX(Продукты!$B$5:$B$60,MATCH($C29,Продукты!$A$5:$A$60,0))*$D29/100,0) -> 75 | F29: =IFERROR(INDEX(Продукты!$C$5:$C$60,MATCH($C29,Продукты!$A$5:$A$60,0))*$D29/100,0) -> 10.2 | G29: =IFERROR(INDEX(Продукты!$D$5:$D$60,MATCH($C29,Продукты!$A$5:$A$60,0))*$D29/100,0) -> 3 | H29: =IFERROR(INDEX(Продукты!$E$5:$E$60,MATCH($C29,Продукты!$A$5:$A$60,0))*$D29/100,0) -> 1.8 | I29: =IFERROR(INDEX(Продукты!$F$5:$F$60,MATCH($C29,Продукты!$A$5:$A$60,0))*$D29/100,0) -> 0
A30: 08:00 | B30: Завтрак | C30: Банан | D30: 120 | E30: =IFERROR(INDEX(Продукты!$B$5:$B$60,MATCH($C30,Продукты!$A$5:$A$60,0))*$D30/100,0) -> 117.6 | F30: =IFERROR(INDEX(Продукты!$C$5:$C$60,MATCH($C30,Продукты!$A$5:$A$60,0))*$D30/100,0) -> 1.32 | G30: =IFERROR(INDEX(Продукты!$D$5:$D$60,MATCH($C30,Продукты!$A$5:$A$60,0))*$D30/100,0) -> 0.36 | H30: =IFERROR(INDEX(Продукты!$E$5:$E$60,MATCH($C30,Продукты!$A$5:$A$60,0))*$D30/100,0) -> 27.36 | I30: =IFERROR(INDEX(Продукты!$F$5:$F$60,MATCH($C30,Продукты!$A$5:$A$60,0))*$D30/100,0) -> 3.12
B31: Итого: Завтрак | E31: =SUM(E27:E30) -> 595.9 | F31: =SUM(F27:F30) -> 33.99 | G31: =SUM(G27:G30) -> 19.29 | H31: =SUM(H27:H30) -> 71.58 | I31: =SUM(I27:I30) -> 10.12
A32: 12:30 | B32: Обед (на работе) | C32: Куриная грудка (сырая) | D32: 150 | E32: =IFERROR(INDEX(Продукты!$B$5:$B$60,MATCH($C32,Продукты!$A$5:$A$60,0))*$D32/100,0) -> 169.5 | F32: =IFERROR(INDEX(Продукты!$C$5:$C$60,MATCH($C32,Продукты!$A$5:$A$60,0))*$D32/100,0) -> 35.4 | G32: =IFERROR(INDEX(Продукты!$D$5:$D$60,MATCH($C32,Продукты!$A$5:$A$60,0))*$D32/100,0) -> 2.85 | H32: =IFERROR(INDEX(Продукты!$E$5:$E$60,MATCH($C32,Продукты!$A$5:$A$60,0))*$D32/100,0) -> 0.6 | I32: =IFERROR(INDEX(Продукты!$F$5:$F$60,MATCH($C32,Продукты!$A$5:$A$60,0))*$D32/100,0) -> 0
A33: 12:30 | B33: Обед (на работе) | C33: Гречка (сухая) | D33: 80 | E33: =IFERROR(INDEX(Продукты!$B$5:$B$60,MATCH($C33,Продукты!$A$5:$A$60,0))*$D33/100,0) -> 263.2 | F33: =IFERROR(INDEX(Продукты!$C$5:$C$60,MATCH($C33,Продукты!$A$5:$A$60,0))*$D33/100,0) -> 10.08 | G33: =IFERROR(INDEX(Продукты!$D$5:$D$60,MATCH($C33,Продукты!$A$5:$A$60,0))*$D33/100,0) -> 2.64 | H33: =IFERROR(INDEX(Продукты!$E$5:$E$60,MATCH($C33,Продукты!$A$5:$A$60,0))*$D33/100,0) -> 49.68 | I33: =IFERROR(INDEX(Продукты!$F$5:$F$60,MATCH($C33,Продукты!$A$5:$A$60,0))*$D33/100,0) -> 8.64
A34: 12:30 | B34: Обед (на работе) | C34: Овощи смешанные (огурцы, помидоры, капуста) | D34: 250 | E34: =IFERROR(INDEX(Продукты!$B$5:$B$60,MATCH($C34,Продукты!$A$5:$A$60,0))*$D34/100,0) -> 62.5 | F34: =IFERROR(INDEX(Продукты!$C$5:$C$60,MATCH($C34,Продукты!$A$5:$A$60,0))*$D34/100,0) -> 3.25 | G34: =IFERROR(INDEX(Продукты!$D$5:$D$60,MATCH($C34,Продукты!$A$5:$A$60,0))*$D34/100,0) -> 0.5 | H34: =IFERROR(INDEX(Продукты!$E$5:$E$60,MATCH($C34,Продукты!$A$5:$A$60,0))*$D34/100,0) -> 11.25 | I34: =IFERROR(INDEX(Продукты!$F$5:$F$60,MATCH($C34,Продукты!$A$5:$A$60,0))*$D34/100,0) -> 5
A35: 12:30 | B35: Обед (на работе) | C35: Масло оливковое | D35: 10 | E35: =IFERROR(INDEX(Продукты!$B$5:$B$60,MATCH($C35,Продукты!$A$5:$A$60,0))*$D35/100,0) -> 90 | F35: =IFERROR(INDEX(Продукты!$C$5:$C$60,MATCH($C35,Продукты!$A$5:$A$60,0))*$D35/100,0) -> 0 | G35: =IFERROR(INDEX(Продукты!$D$5:$D$60,MATCH($C35,Продукты!$A$5:$A$60,0))*$D35/100,0) -> 10 | H35: =IFERROR(INDEX(Продукты!$E$5:$E$60,MATCH($C35,Продукты!$A$5:$A$60,0))*$D35/100,0) -> 0 | I35: =IFERROR(INDEX(Продукты!$F$5:$F$60,MATCH($C35,Продукты!$A$5:$A$60,0))*$D35/100,0) -> 0
B36: Итого: Обед (на работе) | E36: =SUM(E32:E35) -> 585.2 | F36: =SUM(F32:F35) -> 48.73 | G36: =SUM(G32:G35) -> 15.99 | H36: =SUM(H32:H35) -> 61.53 | I36: =SUM(I32:I35) -> 13.64
A37: 18:00 | B37: Ужин (дома) | C37: Форель (сырая) | D37: 150 | E37: =IFERROR(INDEX(Продукты!$B$5:$B$60,MATCH($C37,Продукты!$A$5:$A$60,0))*$D37/100,0) -> 204 | F37: =IFERROR(INDEX(Продукты!$C$5:$C$60,MATCH($C37,Продукты!$A$5:$A$60,0))*$D37/100,0) -> 30.75 | G37: =IFERROR(INDEX(Продукты!$D$5:$D$60,MATCH($C37,Продукты!$A$5:$A$60,0))*$D37/100,0) -> 9 | H37: =IFERROR(INDEX(Продукты!$E$5:$E$60,MATCH($C37,Продукты!$A$5:$A$60,0))*$D37/100,0) -> 0 | I37: =IFERROR(INDEX(Продукты!$F$5:$F$60,MATCH($C37,Продукты!$A$5:$A$60,0))*$D37/100,0) -> 0
A38: 18:00 | B38: Ужин (дома) | C38: Рис белый (сухой) | D38: 75 | E38: =IFERROR(INDEX(Продукты!$B$5:$B$60,MATCH($C38,Продукты!$A$5:$A$60,0))*$D38/100,0) -> 261.75 | F38: =IFERROR(INDEX(Продукты!$C$5:$C$60,MATCH($C38,Продукты!$A$5:$A$60,0))*$D38/100,0) -> 5.025 | G38: =IFERROR(INDEX(Продукты!$D$5:$D$60,MATCH($C38,Продукты!$A$5:$A$60,0))*$D38/100,0) -> 0.525 | H38: =IFERROR(INDEX(Продукты!$E$5:$E$60,MATCH($C38,Продукты!$A$5:$A$60,0))*$D38/100,0) -> 59.175 | I38: =IFERROR(INDEX(Продукты!$F$5:$F$60,MATCH($C38,Продукты!$A$5:$A$60,0))*$D38/100,0) -> 0.975
A39: 18:00 | B39: Ужин (дома) | C39: Брокколи | D39: 200 | E39: =IFERROR(INDEX(Продукты!$B$5:$B$60,MATCH($C39,Продукты!$A$5:$A$60,0))*$D39/100,0) -> 86 | F39: =IFERROR(INDEX(Продукты!$C$5:$C$60,MATCH($C39,Продукты!$A$5:$A$60,0))*$D39/100,0) -> 5.6 | G39: =IFERROR(INDEX(Продукты!$D$5:$D$60,MATCH($C39,Продукты!$A$5:$A$60,0))*$D39/100,0) -> 0.8 | H39: =IFERROR(INDEX(Продукты!$E$5:$E$60,MATCH($C39,Продукты!$A$5:$A$60,0))*$D39/100,0) -> 14 | I39: =IFERROR(INDEX(Продукты!$F$5:$F$60,MATCH($C39,Продукты!$A$5:$A$60,0))*$D39/100,0) -> 5.2
A40: 18:00 | B40: Ужин (дома) | C40: Масло оливковое | D40: 8 | E40: =IFERROR(INDEX(Продукты!$B$5:$B$60,MATCH($C40,Продукты!$A$5:$A$60,0))*$D40/100,0) -> 72 | F40: =IFERROR(INDEX(Продукты!$C$5:$C$60,MATCH($C40,Продукты!$A$5:$A$60,0))*$D40/100,0) -> 0 | G40: =IFERROR(INDEX(Продукты!$D$5:$D$60,MATCH($C40,Продукты!$A$5:$A$60,0))*$D40/100,0) -> 8 | H40: =IFERROR(INDEX(Продукты!$E$5:$E$60,MATCH($C40,Продукты!$A$5:$A$60,0))*$D40/100,0) -> 0 | I40: =IFERROR(INDEX(Продукты!$F$5:$F$60,MATCH($C40,Продукты!$A$5:$A$60,0))*$D40/100,0) -> 0
B41: Итого: Ужин (дома) | E41: =SUM(E37:E40) -> 623.75 | F41: =SUM(F37:F40) -> 41.375 | G41: =SUM(G37:G40) -> 18.325 | H41: =SUM(H37:H40) -> 73.175 | I41: =SUM(I37:I40) -> 6.175
A42: 20:30 | B42: Вечерний белковый приём | C42: Протеин сывороточный (порция 30 г) | D42: 30 | E42: =IFERROR(INDEX(Продукты!$B$5:$B$60,MATCH($C42,Продукты!$A$5:$A$60,0))*$D42/100,0) -> 126 | F42: =IFERROR(INDEX(Продукты!$C$5:$C$60,MATCH($C42,Продукты!$A$5:$A$60,0))*$D42/100,0) -> 24 | G42: =IFERROR(INDEX(Продукты!$D$5:$D$60,MATCH($C42,Продукты!$A$5:$A$60,0))*$D42/100,0) -> 2.01 | H42: =IFERROR(INDEX(Продукты!$E$5:$E$60,MATCH($C42,Продукты!$A$5:$A$60,0))*$D42/100,0) -> 3 | I42: =IFERROR(INDEX(Продукты!$F$5:$F$60,MATCH($C42,Продукты!$A$5:$A$60,0))*$D42/100,0) -> 0
A43: 20:30 | B43: Вечерний белковый приём | C43: Йогурт греческий 2% | D43: 150 | E43: =IFERROR(INDEX(Продукты!$B$5:$B$60,MATCH($C43,Продукты!$A$5:$A$60,0))*$D43/100,0) -> 111 | F43: =IFERROR(INDEX(Продукты!$C$5:$C$60,MATCH($C43,Продукты!$A$5:$A$60,0))*$D43/100,0) -> 15 | G43: =IFERROR(INDEX(Продукты!$D$5:$D$60,MATCH($C43,Продукты!$A$5:$A$60,0))*$D43/100,0) -> 3 | H43: =IFERROR(INDEX(Продукты!$E$5:$E$60,MATCH($C43,Продукты!$A$5:$A$60,0))*$D43/100,0) -> 6 | I43: =IFERROR(INDEX(Продукты!$F$5:$F$60,MATCH($C43,Продукты!$A$5:$A$60,0))*$D43/100,0) -> 0
A44: 20:30 | B44: Вечерний белковый приём | C44: Ягоды замороженные | D44: 100 | E44: =IFERROR(INDEX(Продукты!$B$5:$B$60,MATCH($C44,Продукты!$A$5:$A$60,0))*$D44/100,0) -> 51 | F44: =IFERROR(INDEX(Продукты!$C$5:$C$60,MATCH($C44,Продукты!$A$5:$A$60,0))*$D44/100,0) -> 1 | G44: =IFERROR(INDEX(Продукты!$D$5:$D$60,MATCH($C44,Продукты!$A$5:$A$60,0))*$D44/100,0) -> 0.3 | H44: =IFERROR(INDEX(Продукты!$E$5:$E$60,MATCH($C44,Продукты!$A$5:$A$60,0))*$D44/100,0) -> 11 | I44: =IFERROR(INDEX(Продукты!$F$5:$F$60,MATCH($C44,Продукты!$A$5:$A$60,0))*$D44/100,0) -> 3
A45: 20:30 | B45: Вечерний белковый приём | C45: Миндаль | D45: 20 | E45: =IFERROR(INDEX(Продукты!$B$5:$B$60,MATCH($C45,Продукты!$A$5:$A$60,0))*$D45/100,0) -> 124.4 | F45: =IFERROR(INDEX(Продукты!$C$5:$C$60,MATCH($C45,Продукты!$A$5:$A$60,0))*$D45/100,0) -> 4.2 | G45: =IFERROR(INDEX(Продукты!$D$5:$D$60,MATCH($C45,Продукты!$A$5:$A$60,0))*$D45/100,0) -> 10 | H45: =IFERROR(INDEX(Продукты!$E$5:$E$60,MATCH($C45,Продукты!$A$5:$A$60,0))*$D45/100,0) -> 4.4 | I45: =IFERROR(INDEX(Продукты!$F$5:$F$60,MATCH($C45,Продукты!$A$5:$A$60,0))*$D45/100,0) -> 2.5
B46: Итого: Вечерний белковый приём | E46: =SUM(E42:E45) -> 412.4 | F46: =SUM(F42:F45) -> 44.2 | G46: =SUM(G42:G45) -> 15.31 | H46: =SUM(H42:H45) -> 24.4 | I46: =SUM(I42:I45) -> 5.5
B47: ИТОГО за день | E47: =E31+E36+E41+E46 -> 2217.25 | F47: =F31+F36+F41+F46 -> 168.295 | G47: =G31+G36+G41+G46 -> 68.915 | H47: =H31+H36+H41+H46 -> 230.685 | I47: =I31+I36+I41+I46 -> 35.435
B48: Цель | E48: =TargetKcal -> 2200 | F48: =TargetProtein -> 165 | G48: =TargetFat -> 70 | H48: =TargetCarb -> 228 | I48: =TargetFiber -> 30
B49: Разница (меню − цель) | E49: =E47-E48 -> 17.25 | F49: =F47-F48 -> 3.295 | G49: =G47-G48 -> -1.085 | H49: =H47-H48 -> 2.685 | I49: =I47-I48 -> 5.435
A51: Протеин
A52: Белок в сутки, г | C52: =TargetProtein -> 165 | D52: Общая суточная цель.
A53: Из обычной еды, г | C53: =TargetProtein-WheyServ*WheyProt -> 141 | D53: Желательно закрывать основную часть белка едой.
A54: Из сывороточного протеина, г | C54: =WheyServ*WheyProt -> 24 | D54: Одна порция в день; калории протеина уже входят в общий КБЖУ (в примере — вечерний приём).
A55: Порций в день | C55: =WheyServ -> 1 | D55: Тренировочные и нетренировочные дни — одинаково. Вторая порция — только если к вечеру еда не добирает ≥25 г белка.
A56: Важно: сначала считай рацион с протеином, потом ничего сверху не добавляй. Если ешь порцию протеина — эти 24 г белка и ≈125 ккал уже учтены в цели.
A58: Варианты замены (ориентир: равный вклад по главному нутриенту)
A59: Куриная грудка 150 г (белок) | C59: индейка, филе — 150 г; говядина постная — 170 г; форель — 175 г (жирнее); треска — 200 г
A60: Гречка 80 г сухая (углеводы) | C60: рис — 65 г сухой; макароны цельнозерновые — 75 г сухих; картофель — 305 г сырого
A61: Овсяные хлопья 70 г (углеводы) | C61: гречка — 65 г сухая; хлеб цельнозерновой — 95 г
A62: Форель 150 г (белок) | C62: треска — 175 г; куриная грудка — 130 г; индейка — 130 г
A63: Творог 5% 60 г (белок) | C63: греческий йогурт 2% — 100 г; творог 0–1% — 65 г
A64: Яйца 110 г (≈2 шт.) (белок) | C64: куриная грудка — 60 г; творог 5% — 80 г
A65: Банан 120 г (углеводы) | C65: яблоко — 200 г; ягоды замороженные — 250 г
A66: Миндаль 20 г (жиры) | C66: арахисовая паста — 20 г; оливковое масло — 10 г
A67: Граммы замен рассчитаны по справочнику на листе «Продукты» и округлены до 5 г; калорийность замен может немного отличаться. Замены делай внутри одного приёма пищи.

Sheet Прогресс
A1: Прогресс
A2: Всё считается само из листов «Питание» и «Тренировки». Все «сегодня» здесь — это дата последней записи, а не системная дата. Ничего вводить не нужно.
A4: Вес
A5: Текущий вес (последнее взвешивание), кг | B5: =IF(LastWD=0,"",INDEX(Питание!$B$14:$B$378,MATCH(LastWD,Питание!$A$14:$A$378,0))) -> 82.1 | C5: Одно измерение; для решений используем среднее.
A6: Дата последнего взвешивания | B6: =IF(LastWD=0,"",LastWD) -> 46298
A7: Стартовый вес, кг | B7: =StartWeight -> 82.5
A8: Изменение веса к старту, кг | B8: =IF(B5="","",B5-StartWeight) -> -0.4
A9: Средний вес за 7 дней, кг | B9: =IF(LastWD=0,"",IFERROR(AVERAGEIFS(Питание!$B$14:$B$378,Питание!$A$14:$A$378,">"&LastWD-7,Питание!$A$14:$A$378,"<="&LastWD-0,Питание!$B$14:$B$378,">0"),"")) -> 82.34
A10: Средний вес за 30 дней, кг | B10: =IF(LastWD=0,"",IFERROR(AVERAGEIFS(Питание!$B$14:$B$378,Питание!$A$14:$A$378,">"&LastWD-30,Питание!$A$14:$A$378,"<="&LastWD-0,Питание!$B$14:$B$378,">0"),"")) -> 82.34
A11: Изменение за неделю (ср. 7 дн к предыдущим 7 дн), кг | B11: =IF(B9="","",IFERROR(B9-AVERAGEIFS(Питание!$B$14:$B$378,Питание!$A$14:$A$378,">"&LastWD-14,Питание!$A$14:$A$378,"<="&LastWD-7,Питание!$B$14:$B$378,">0"),""))
A12: Изменение за месяц (ср. 7 дн к 7 дн 4 недели назад), кг | B12: =IF(B9="","",IFERROR(B9-AVERAGEIFS(Питание!$B$14:$B$378,Питание!$A$14:$A$378,">"&LastWD-35,Питание!$A$14:$A$378,"<="&LastWD-28,Питание!$B$14:$B$378,">0"),"")) | C12: Появится через 5 недель от первого взвешивания.
A14: Питание (по дням, где есть записи)
A15: Средние калории за 7 дней, ккал | B15: =IF(LastFD=0,"",IFERROR(AVERAGEIFS(Питание!$C$14:$C$378,Питание!$A$14:$A$378,">"&LastFD-7,Питание!$A$14:$A$378,"<="&LastFD,Питание!$C$14:$C$378,">0"),"")) -> 2140
A16: Средние калории за 30 дней, ккал | B16: =IF(LastFD=0,"",IFERROR(AVERAGEIFS(Питание!$C$14:$C$378,Питание!$A$14:$A$378,">"&LastFD-30,Питание!$A$14:$A$378,"<="&LastFD,Питание!$C$14:$C$378,">0"),"")) -> 2140
A17: Средний белок за 7 дней, г | B17: =IF(LastFD=0,"",IFERROR(AVERAGEIFS(Питание!$D$14:$D$378,Питание!$A$14:$A$378,">"&LastFD-7,Питание!$A$14:$A$378,"<="&LastFD,Питание!$D$14:$D$378,">0"),"")) -> 165
A18: Средний белок за 30 дней, г | B18: =IF(LastFD=0,"",IFERROR(AVERAGEIFS(Питание!$D$14:$D$378,Питание!$A$14:$A$378,">"&LastFD-30,Питание!$A$14:$A$378,"<="&LastFD,Питание!$D$14:$D$378,">0"),"")) -> 165
A19: Доля дней в допуске по ккал (последние 14 дней) | B19: =IF(LastFD=0,"",IFERROR(COUNTIFS(Питание!$A$14:$A$378,">"&LastFD-14,Питание!$A$14:$A$378,"<="&LastFD,Питание!$C$14:$C$378,">="&TargetKcal*(1-AdhTol),Питание!$C$14:$C$378,"<="&TargetKcal*(1+AdhTol))/COUNTIFS(Питание!$A$14:$A$378,">"&LastFD-14,Питание!$A$14:$A$378,"<="&LastFD,Питание!$C$14:$C$378,">0"),"")) -> 1 | C19: Допуск задаётся в «Настройки».
A21: Решение по калориям (проверять раз в 2 недели)
A22: Средний вес 7 дн — сейчас, кг | B22: =B9 -> 82.34
A23: Средний вес 7 дн — окно N дней назад, кг | B23: =IF(LastWD=0,"",IFERROR(AVERAGEIFS(Питание!$B$14:$B$378,Питание!$A$14:$A$378,">"&LastWD-(TrendDays+7),Питание!$A$14:$A$378,"<="&LastWD-TrendDays,Питание!$B$14:$B$378,">0"),"")) | C23: N = «Окно сравнения» в «Настройки» (по умолчанию 14 дн).
A24: Взвешиваний в текущем окне | B24: =COUNTIFS(Питание!$A$14:$A$378,">"&LastWD-7,Питание!$A$14:$A$378,"<="&LastWD,Питание!$B$14:$B$378,">0") -> 5
A25: Взвешиваний в прошлом окне | B25: =COUNTIFS(Питание!$A$14:$A$378,">"&LastWD-TrendDays-7,Питание!$A$14:$A$378,"<="&LastWD-TrendDays,Питание!$B$14:$B$378,">0") -> 0
A26: Темп изменения веса, кг/нед | B26: =IF(OR(B22="",B23=""),"",(B22-B23)/(TrendDays/7))
A27: Темп изменения веса, % массы/нед | B27: =IF(B26="","",B26/B22) | C27: Целевой коридор: от −0,3% до −0,8% в неделю.
A28: Соблюдение плана (доля дней в допуске) | B28: =B19 -> 1
A29: РЕШЕНИЕ | B29: =IF(OR(B26="",B24<MinWeighIns,B25<MinWeighIns),"Недостаточно данных: нужно минимум "&MinWeighIns&" взвешиваний в каждом из двух 7-дневных окон (≈"&TrendDays&" дней наблюдений). Калории не менять.",IF(OR(B28="",B28<AdhMin),"Сначала верни соблюдение плана: в допуске по ккал "&IF(B28="","—",TEXT(B28,"0%"))&" дней. Калории не менять.",IF(B27>=SlowStop,"Вес стоит или растёт → уменьшить на "&StepDown&" ккал (до "&(TargetKcal-StepDown)&"), убирая углеводы. Перепроверить через 2 недели.",IF(B27>=GoalLow,"Темп медленный, но вес идёт вниз → ничего не менять, перепроверить через 2 недели; если так же — уменьшить на 100 ккал.",IF(B27>=FastRate,"Темп в целевом коридоре → ничего не менять.","Вес снижается слишком быстро → увеличить на "&StepUp&" ккал (до "&(TargetKcal+StepUp)&"), добавляя углеводы."))))) -> Недостаточно данных: нужно минимум 4 взвешиваний в каждом из двух 7-дневных окон (≈14 дней наблюдений). Калории не менять.
A31: Прогноз веса (математическая экстраполяция)
A32: Горизонт | B32: Недель | C32: Дата | D32: По фактической динамике, кг | E32: По плану (теория), кг
A33: Через 4 недель | B33: 4 | C33: =IF(LastWD=0,"",LastWD+7*B33) -> 46326 | D33: =IF(OR($B$26="",$B$24<MinWeighIns,$B$25<MinWeighIns),"нужно больше данных",$B$22+$B$26*B33) -> нужно больше данных | E33: =IF($B$22="","",$B$22-PlanDeficit*7*B33/7700) -> 81.067273
A34: Через 8 недель | B34: 8 | C34: =IF(LastWD=0,"",LastWD+7*B34) -> 46354 | D34: =IF(OR($B$26="",$B$24<MinWeighIns,$B$25<MinWeighIns),"нужно больше данных",$B$22+$B$26*B34) -> нужно больше данных | E34: =IF($B$22="","",$B$22-PlanDeficit*7*B34/7700) -> 79.794545
A35: Через 12 недель | B35: 12 | C35: =IF(LastWD=0,"",LastWD+7*B35) -> 46382 | D35: =IF(OR($B$26="",$B$24<MinWeighIns,$B$25<MinWeighIns),"нужно больше данных",$B$22+$B$26*B35) -> нужно больше данных | E35: =IF($B$22="","",$B$22-PlanDeficit*7*B35/7700) -> 78.521818
A36: Недель до ориентира по весу (при текущем темпе) | B36: =IF(OR(B26="",B24<MinWeighIns,B25<MinWeighIns),"—",IF(B22<=GoalWeight,"достигнут",IF(B26>=0,"—",(B22-GoalWeight)/-B26))) -> — | C36: Ориентир и допущения — в «Настройки».
A37: Это математическая экстраполяция текущего темпа, а не гарантированный результат: вес зависит от воды, соли, цикла тренировок и соблюдения плана. Прогноз не строится, пока нет ≥4 взвешиваний в каждом из двух окон. «По плану» = дефицит из «Настройки» × 7 / 7700 ккал на кг (грубое допущение).
A39: Основные упражнения (выбор — в «Настройки»)
A40: Упражнение | B40: Старт, кг | C40: Последний вес, кг | D40: Изменение, кг | E40: Изм., % | F40: Дата | G40: Подсказка
A41: =Ex_1 -> Жим платформы ногами | B41: =IFERROR(INDEX('Программа тренировок'!$H$6:$H$25,MATCH($A41,'Программа тренировок'!$C$6:$C$25,0)),"") -> 80 | C41: =IFERROR(INDEX('Программа тренировок'!$S$6:$S$25,MATCH($A41,'Программа тренировок'!$C$6:$C$25,0)),"") -> 70 | D41: =IF(OR(C41="",B41=""),"",C41-B41) -> -10 | E41: =IF(OR(D41="",B41=0),"",D41/B41) -> -0.125 | F41: =IFERROR(INDEX('Программа тренировок'!$R$6:$R$25,MATCH($A41,'Программа тренировок'!$C$6:$C$25,0)),"") -> 46193 | G41: =IFERROR(INDEX('Программа тренировок'!$V$6:$V$25,MATCH($A41,'Программа тренировок'!$C$6:$C$25,0)),"") -> Внеси RIR в журнал
A42: =Ex_2 -> Жим в тренажёре сидя (грудь) | B42: =IFERROR(INDEX('Программа тренировок'!$H$6:$H$25,MATCH($A42,'Программа тренировок'!$C$6:$C$25,0)),"") -> 30 | C42: =IFERROR(INDEX('Программа тренировок'!$S$6:$S$25,MATCH($A42,'Программа тренировок'!$C$6:$C$25,0)),"") | D42: =IF(OR(C42="",B42=""),"",C42-B42) | E42: =IF(OR(D42="",B42=0),"",D42/B42) | F42: =IFERROR(INDEX('Программа тренировок'!$R$6:$R$25,MATCH($A42,'Программа тренировок'!$C$6:$C$25,0)),"") | G42: =IFERROR(INDEX('Программа тренировок'!$V$6:$V$25,MATCH($A42,'Программа тренировок'!$C$6:$C$25,0)),"") -> Нет данных: начни со стартового веса
A43: =Ex_3 -> Тяга верхнего блока (узкий/нейтральный хват) | B43: =IFERROR(INDEX('Программа тренировок'!$H$6:$H$25,MATCH($A43,'Программа тренировок'!$C$6:$C$25,0)),"") -> 50 | C43: =IFERROR(INDEX('Программа тренировок'!$S$6:$S$25,MATCH($A43,'Программа тренировок'!$C$6:$C$25,0)),"") | D43: =IF(OR(C43="",B43=""),"",C43-B43) | E43: =IF(OR(D43="",B43=0),"",D43/B43) | F43: =IFERROR(INDEX('Программа тренировок'!$R$6:$R$25,MATCH($A43,'Программа тренировок'!$C$6:$C$25,0)),"") | G43: =IFERROR(INDEX('Программа тренировок'!$V$6:$V$25,MATCH($A43,'Программа тренировок'!$C$6:$C$25,0)),"") -> Нет данных: начни со стартового веса
A44: =Ex_4 -> Присед в Смите (ноги чуть вперёд) | B44: =IFERROR(INDEX('Программа тренировок'!$H$6:$H$25,MATCH($A44,'Программа тренировок'!$C$6:$C$25,0)),"") -> 30 | C44: =IFERROR(INDEX('Программа тренировок'!$S$6:$S$25,MATCH($A44,'Программа тренировок'!$C$6:$C$25,0)),"") | D44: =IF(OR(C44="",B44=""),"",C44-B44) | E44: =IF(OR(D44="",B44=0),"",D44/B44) | F44: =IFERROR(INDEX('Программа тренировок'!$R$6:$R$25,MATCH($A44,'Программа тренировок'!$C$6:$C$25,0)),"") | G44: =IFERROR(INDEX('Программа тренировок'!$V$6:$V$25,MATCH($A44,'Программа тренировок'!$C$6:$C$25,0)),"") -> Нет данных: начни со стартового веса
A45: =Ex_5 -> Разгибание ног сидя | B45: =IFERROR(INDEX('Программа тренировок'!$H$6:$H$25,MATCH($A45,'Программа тренировок'!$C$6:$C$25,0)),"") -> 50 | C45: =IFERROR(INDEX('Программа тренировок'!$S$6:$S$25,MATCH($A45,'Программа тренировок'!$C$6:$C$25,0)),"") | D45: =IF(OR(C45="",B45=""),"",C45-B45) | E45: =IF(OR(D45="",B45=0),"",D45/B45) | F45: =IFERROR(INDEX('Программа тренировок'!$R$6:$R$25,MATCH($A45,'Программа тренировок'!$C$6:$C$25,0)),"") | G45: =IFERROR(INDEX('Программа тренировок'!$V$6:$V$25,MATCH($A45,'Программа тренировок'!$C$6:$C$25,0)),"") -> Нет данных: начни со стартового веса
A47: Графики

Sheet Настройки
A1: Настройки
A2: Синие значения на жёлтом фоне можно менять. Все листы берут цели и правила отсюда. Метки: ФАКТ — данные от тебя; РАСЧЁТ — формула; ОЦЕНКА — моё допущение, которое можно править.
A4: 1. Исходные данные
A5: Возраст, лет | B5: 29 | C5: ФАКТ | D5: Через ~3 месяца будет 30 — обнови при необходимости.
A6: Рост, см | B6: 181 | C6: ФАКТ
A7: Стартовый вес, кг | B7: 82.5 | C7: ФАКТ | D7: Вес на 29.09.2026. Старый InBody (30.09.2024) в расчётах НЕ используется.
A8: Дата старта программы | B8: 46294 | C8: ОЦЕНКА | D8: Предположение: старт сегодня. От этой даты строятся календарь питания, номер недели и графики.
A9: Ориентир по весу, кг | B9: 77 | C9: ОЦЕНКА | D9: Верх привычного диапазона 74,5–77 кг. Используется только для оценки «сколько недель до ориентира». Это не обязательная цель.
A11: 2. Расчёт энергии
A12: Коэффициент активности | B12: 1.4 | C12: ОЦЕНКА | D12: Сидячая работа 5/2 + 3 силовые тренировки в неделю. Реальный TDEE проверяется динамикой веса — см. блок 5.
A13: BMR (Mifflin–St Jeor), ккал | B13: =ROUND(10*StartWeight+6.25*Height-5*Age+5,0) -> 1816 | C13: РАСЧЁТ | D13: 10×вес + 6,25×рост − 5×возраст + 5 (формула для мужчин). Оценка для среднего человека, не измерение.
A14: TDEE (поддержание), ккал | B14: =ROUND(BMR*ActFactor,0) -> 2542 | C14: РАСЧЁТ | D14: BMR × коэффициент активности.
A15: Плановый дефицит, ккал/сут | B15: 350 | C15: ОЦЕНКА | D15: ≈14% от TDEE: умеренный дефицит, чтобы сохранять силу и мышцы.
A16: Стартовые ккал (расчёт) | B16: =ROUND((TDEE-PlanDeficit)/50,0)*50 -> 2200 | C16: РАСЧЁТ | D16: TDEE − дефицит, округлено до 50. Рабочее значение вводится ниже.
A18: 3. Рабочие целевые значения (их читают все листы)
A19: Целевые калории, ккал | B19: 2200 | C19: ОЦЕНКА | D19: Стартовое значение = расчёт из B16. Меняй по правилам корректировки (блок 5). Углеводы пересчитаются автоматически.
A20: Белок, г | B20: 165 | C20: ОЦЕНКА | D20: ≈2,0 г на кг стартового веса. Включает белок протеина.
A21: Жиры, г | B21: 70 | C21: ОЦЕНКА | D21: ≈0,85 г на кг; ≈29% калорий. Нижний предел, ниже которого не опускаться.
A22: Углеводы, г | B22: =ROUND((TargetKcal-4*TargetProtein-9*TargetFat)/4,0) -> 228 | C22: РАСЧЁТ | D22: Остаток калорий после белка и жиров (4/9/4 ккал на грамм).
A23: Клетчатка, г | B23: 30 | C23: ОЦЕНКА | D23: ≈14 г на 1000 ккал.
A24: Вода, л | B24: 2.8 | C24: ОЦЕНКА | D24: ≈35 мл на кг; в жару и в дни тренировок можно больше.
A25: Порций сывороточного протеина в день | B25: 1 | C25: ОЦЕНКА | D25: Протеин входит в общий КБЖУ (не сверху). Вторая порция — только если еда не добирает белок.
A26: Белок в одной порции протеина, г | B26: 24 | C26: ОЦЕНКА | D26: Типичная порция 30 г. Сверь с этикеткой своего протеина и поправь.
A28: 4. RIR и прогрессия
A29: Адаптационные недели | B29: 3 | C29: ОЦЕНКА | D29: В эти недели целевой RIR 2–3 везде; затем для тренажёров и изоляции — RIR 1–2 (см. столбцы J–K на листе «Программа тренировок»).
A30: Неделя программы (сейчас) | B30: =MAX(1,INT((TODAY()-StartDate)/7)+1) -> 1 | C30: РАСЧЁТ | D30: Считается от даты старта.
A31: Текущая фаза | B31: =IF(WeekNo<=AdaptWeeks,"Адаптация: RIR 2–3","Основная фаза: RIR по столбцу K") -> Адаптация: RIR 2–3 | C31: РАСЧЁТ
A33: 5. Правила корректировки калорий (решение на листе «Прогресс», проверка раз в 2 недели)
A34: Окно сравнения, дней | B34: 14 | C34: ОЦЕНКА | D34: Сравниваем среднее за 7 дней сейчас со средним за 7 дней 14 дней назад. Не реагируем на отдельные взвешивания.
A35: Мин. взвешиваний в каждом 7-дневном окне | B35: 4 | C35: ОЦЕНКА | D35: Меньше — решение не выдаётся, данных недостаточно.
A36: Допуск соблюдения по ккал, ± | B36: 0.07 | C36: ОЦЕНКА | D36: День «в допуске», если ккал в пределах цели ±7%.
A37: Мин. доля дней в допуске (14 дн) | B37: 0.7 | C37: ОЦЕНКА | D37: Если ниже — сначала исправляем соблюдение, а не калории.
A38: Порог «вес стоит/растёт», %/нед | B38: -0.001 | C38: ОЦЕНКА | D38: Темп ≥ −0,1%/нед → уменьшить калории.
A39: Нижняя граница целевого темпа, %/нед | B39: -0.003 | C39: ОЦЕНКА | D39: Между −0,1% и −0,3% — медленно, но идёт: оставить и перепроверить. От −0,3% до −0,8% — целевой коридор.
A40: Порог «слишком быстро», %/нед | B40: -0.008 | C40: ОЦЕНКА | D40: Темп быстрее −0,8%/нед → добавить калории.
A41: Шаг уменьшения калорий, ккал | B41: 150 | C41: ОЦЕНКА | D41: За счёт углеводов.
A42: Шаг увеличения калорий, ккал | B42: 200 | C42: ОЦЕНКА | D42: За счёт углеводов.
A44: 6. Основные упражнения (для графика и таблицы на листе «Прогресс»)
A45: Упражнение 1 | B45: Жим платформы ногами | C45: ВЫБОР | D45: Выбери из списка упражнений программы.
A46: Упражнение 2 | B46: Жим в тренажёре сидя (грудь) | C46: ВЫБОР | D46: Выбери из списка упражнений программы.
A47: Упражнение 3 | B47: Тяга верхнего блока (узкий/нейтральный хват) | C47: ВЫБОР | D47: Выбери из списка упражнений программы.
A48: Упражнение 4 | B48: Присед в Смите (ноги чуть вперёд) | C48: ВЫБОР | D48: Выбери из списка упражнений программы.
A49: Упражнение 5 | B49: Разгибание ног сидя | C49: ВЫБОР | D49: Выбери из списка упражнений программы.

Sheet Продукты
A1: Продукты (справочник для примера меню)
A2: Значения на 100 г, типовые справочные (приблизительно). Калории = 4×Б + 9×Ж + 4×У, может отличаться от упаковки на ±5%. Добавляй свои продукты в конец списка (до строки 60) — они появятся в выпадающем списке меню.
A4: Продукт | B4: Ккал/100 г | C4: Белок, г | D4: Жиры, г | E4: Углеводы, г | F4: Клетчатка, г
A5: Овсяные хлопья (сухие) | B5: =ROUND(4*C5+9*D5+4*E5,0) -> 342 | C5: 12.3 | D5: 6.1 | E5: 59.5 | F5: 10
A6: Гречка (сухая) | B6: =ROUND(4*C6+9*D6+4*E6,0) -> 329 | C6: 12.6 | D6: 3.3 | E6: 62.1 | F6: 10.8
A7: Рис белый (сухой) | B7: =ROUND(4*C7+9*D7+4*E7,0) -> 349 | C7: 6.7 | D7: 0.7 | E7: 78.9 | F7: 1.3
A8: Макароны цельнозерновые (сухие) | B8: =ROUND(4*C8+9*D8+4*E8,0) -> 347 | C8: 13 | D8: 2.5 | E8: 68 | F8: 8
A9: Картофель (сырой) | B9: =ROUND(4*C9+9*D9+4*E9,0) -> 77 | C9: 2 | D9: 0.4 | E9: 16.3 | F9: 2.2
A10: Хлеб цельнозерновой | B10: =ROUND(4*C10+9*D10+4*E10,0) -> 240 | C10: 9 | D10: 3.5 | E10: 43 | F10: 7
A11: Чечевица (сухая) | B11: =ROUND(4*C11+9*D11+4*E11,0) -> 350 | C11: 24 | D11: 1.5 | E11: 60 | F11: 11
A12: Куриная грудка (сырая) | B12: =ROUND(4*C12+9*D12+4*E12,0) -> 113 | C12: 23.6 | D12: 1.9 | E12: 0.4 | F12: 0
A13: Индейка, филе (сырое) | B13: =ROUND(4*C13+9*D13+4*E13,0) -> 108 | C13: 23.7 | D13: 1.5 | E13: 0 | F13: 0
A14: Говядина постная (сырая) | B14: =ROUND(4*C14+9*D14+4*E14,0) -> 134 | C14: 21 | D14: 5.5 | E14: 0 | F14: 0
A15: Форель (сырая) | B15: =ROUND(4*C15+9*D15+4*E15,0) -> 136 | C15: 20.5 | D15: 6 | E15: 0 | F15: 0
A16: Треска (сырая) | B16: =ROUND(4*C16+9*D16+4*E16,0) -> 77 | C16: 17.7 | D16: 0.7 | E16: 0 | F16: 0
... A30: Протеин сывороточный (порция 30 г) | B30: =ROUND(4*C30+9*D30+4*E30,0) -> 420 | C30: 80 | D30: 6.7 | E30: 10 | F30: 0
B31: =IF(A31="","",ROUND(4*C31+9*D31+4*E31,0))
B32: =IF(A32="","",ROUND(4*C32+9*D32+4*E32,0))
B33: =IF(A33="","",ROUND(4*C33+9*D33+4*E33,0))
B34: =IF(A34="","",ROUND(4*C34+9*D34+4*E34,0))
B35: =IF(A35="","",ROUND(4*C35+9*D35+4*E35,0))
B36: =IF(A36="","",ROUND(4*C36+9*D36+4*E36,0))
B37: =IF(A37="","",ROUND(4*C37+9*D37+4*E37,0))
B38: =IF(A38="","",ROUND(4*C38+9*D38+4*E38,0))
B39: =IF(A39="","",ROUND(4*C39+9*D39+4*E39,0))
B40: =IF(A40="","",ROUND(4*C40+9*D40+4*E40,0))
B41: =IF(A41="","",ROUND(4*C41+9*D41+4*E41,0))
B42: =IF(A42="","",ROUND(4*C42+9*D42+4*E42,0))
... B60: =IF(A60="","",ROUND(4*C60+9*D60+4*E60,0))
A62: Сывороточный протеин: порция 30 г ≈ 24 г белка (оценка). Сверь с этикеткой и поправь строку.

Sheet Расчёты
A1: Расчёты (служебные данные для графиков)
A2: Служебный лист: формулы, ничего вводить не нужно. Значения #N/A в блоках графиков — намеренные: так график пропускает дни и недели без данных, а не рисует нули.
A3: Последняя дата с весом | B3: =_xlfn.MAXIFS(Питание!$A$14:$A$378,Питание!$B$14:$B$378,">0") -> 46298
A4: Последняя дата с калориями | B4: =_xlfn.MAXIFS(Питание!$A$14:$A$378,Питание!$C$14:$C$378,">0") -> 46298
A5: Последняя дата тренировки | B5: =_xlfn.MAXIFS(Тренировки!$A$6:$A$2005,Тренировки!$F$6:$F$2005,">0") -> 46226
A6: Начало окна графиков питания (90 дн) | B6: =MAX(StartDate,MAX(LastWD,LastFD)-89) -> 46294
A7: Начало окна графика силы (20 нед) | B7: =MAX(StartDate,LastTD-7*19) -> 46294
A10: Дата | B10: Вес | C10: Ср. вес 7 дн | D10: Ккал | E10: Ср. ккал 7 дн | F10: Цель ккал | G10: Белок | H10: Ср. белок 7 дн | I10: Цель белка | J10: № строки
A11: =ChartStart -> 46294 | B11: =IF($J11="",NA(),IF(INDEX(Питание!$B$14:$B$378,$J11)="",NA(),INDEX(Питание!$B$14:$B$378,$J11))) -> 82.5 | C11: =IF($J11="",NA(),IF(INDEX(Питание!$O$14:$O$378,$J11)="",NA(),INDEX(Питание!$O$14:$O$378,$J11))) -> 82.5 | D11: =IF($J11="",NA(),IF(INDEX(Питание!$C$14:$C$378,$J11)="",NA(),INDEX(Питание!$C$14:$C$378,$J11))) -> 2180 | E11: =IF($J11="",NA(),IF(INDEX(Питание!$P$14:$P$378,$J11)="",NA(),INDEX(Питание!$P$14:$P$378,$J11))) -> 2180 | F11: =TargetKcal -> 2200 | G11: =IF($J11="",NA(),IF(INDEX(Питание!$D$14:$D$378,$J11)="",NA(),INDEX(Питание!$D$14:$D$378,$J11))) -> 165 | H11: =IF($J11="",NA(),IF(INDEX(Питание!$Q$14:$Q$378,$J11)="",NA(),INDEX(Питание!$Q$14:$Q$378,$J11))) -> 165 | I11: =TargetProtein -> 165 | J11: =IFERROR(MATCH($A11,Питание!$A$14:$A$378,0),"") -> 1
A12: =A11+1 -> 46295 | B12: =IF($J12="",NA(),IF(INDEX(Питание!$B$14:$B$378,$J12)="",NA(),INDEX(Питание!$B$14:$B$378,$J12))) -> 82.3 | C12: =IF($J12="",NA(),IF(INDEX(Питание!$O$14:$O$378,$J12)="",NA(),INDEX(Питание!$O$14:$O$378,$J12))) -> 82.4 | D12: =IF($J12="",NA(),IF(INDEX(Питание!$C$14:$C$378,$J12)="",NA(),INDEX(Питание!$C$14:$C$378,$J12))) -> 2160 | E12: =IF($J12="",NA(),IF(INDEX(Питание!$P$14:$P$378,$J12)="",NA(),INDEX(Питание!$P$14:$P$378,$J12))) -> 2170 | F12: =TargetKcal -> 2200 | G12: =IF($J12="",NA(),IF(INDEX(Питание!$D$14:$D$378,$J12)="",NA(),INDEX(Питание!$D$14:$D$378,$J12))) -> 165 | H12: =IF($J12="",NA(),IF(INDEX(Питание!$Q$14:$Q$378,$J12)="",NA(),INDEX(Питание!$Q$14:$Q$378,$J12))) -> 165 | I12: =TargetProtein -> 165 | J12: =IFERROR(MATCH($A12,Питание!$A$14:$A$378,0),"") -> 2
A13: =A12+1 -> 46296 | B13: =IF($J13="",NA(),IF(INDEX(Питание!$B$14:$B$378,$J13)="",NA(),INDEX(Питание!$B$14:$B$378,$J13))) -> 82.6 | C13: =IF($J13="",NA(),IF(INDEX(Питание!$O$14:$O$378,$J13)="",NA(),INDEX(Питание!$O$14:$O$378,$J13))) -> 82.466667 | D13: =IF($J13="",NA(),IF(INDEX(Питание!$C$14:$C$378,$J13)="",NA(),INDEX(Питание!$C$14:$C$378,$J13))) -> 2140 | E13: =IF($J13="",NA(),IF(INDEX(Питание!$P$14:$P$378,$J13)="",NA(),INDEX(Питание!$P$14:$P$378,$J13))) -> 2160 | F13: =TargetKcal -> 2200 | G13: =IF($J13="",NA(),IF(INDEX(Питание!$D$14:$D$378,$J13)="",NA(),INDEX(Питание!$D$14:$D$378,$J13))) -> 165 | H13: =IF($J13="",NA(),IF(INDEX(Питание!$Q$14:$Q$378,$J13)="",NA(),INDEX(Питание!$Q$14:$Q$378,$J13))) -> 165 | I13: =TargetProtein -> 165 | J13: =IFERROR(MATCH($A13,Питание!$A$14:$A$378,0),"") -> 3
A14: =A13+1 -> 46297 | B14: =IF($J14="",NA(),IF(INDEX(Питание!$B$14:$B$378,$J14)="",NA(),INDEX(Питание!$B$14:$B$378,$J14))) -> 82.2 | C14: =IF($J14="",NA(),IF(INDEX(Питание!$O$14:$O$378,$J14)="",NA(),INDEX(Питание!$O$14:$O$378,$J14))) -> 82.4 | D14: =IF($J14="",NA(),IF(INDEX(Питание!$C$14:$C$378,$J14)="",NA(),INDEX(Питание!$C$14:$C$378,$J14))) -> 2120 | E14: =IF($J14="",NA(),IF(INDEX(Питание!$P$14:$P$378,$J14)="",NA(),INDEX(Питание!$P$14:$P$378,$J14))) -> 2150 | F14: =TargetKcal -> 2200 | G14: =IF($J14="",NA(),IF(INDEX(Питание!$D$14:$D$378,$J14)="",NA(),INDEX(Питание!$D$14:$D$378,$J14))) -> 165 | H14: =IF($J14="",NA(),IF(INDEX(Питание!$Q$14:$Q$378,$J14)="",NA(),INDEX(Питание!$Q$14:$Q$378,$J14))) -> 165 | I14: =TargetProtein -> 165 | J14: =IFERROR(MATCH($A14,Питание!$A$14:$A$378,0),"") -> 4
A15: =A14+1 -> 46298 | B15: =IF($J15="",NA(),IF(INDEX(Питание!$B$14:$B$378,$J15)="",NA(),INDEX(Питание!$B$14:$B$378,$J15))) -> 82.1 | C15: =IF($J15="",NA(),IF(INDEX(Питание!$O$14:$O$378,$J15)="",NA(),INDEX(Питание!$O$14:$O$378,$J15))) -> 82.34 | D15: =IF($J15="",NA(),IF(INDEX(Питание!$C$14:$C$378,$J15)="",NA(),INDEX(Питание!$C$14:$C$378,$J15))) -> 2100 | E15: =IF($J15="",NA(),IF(INDEX(Питание!$P$14:$P$378,$J15)="",NA(),INDEX(Питание!$P$14:$P$378,$J15))) -> 2140 | F15: =TargetKcal -> 2200 | G15: =IF($J15="",NA(),IF(INDEX(Питание!$D$14:$D$378,$J15)="",NA(),INDEX(Питание!$D$14:$D$378,$J15))) -> 165 | H15: =IF($J15="",NA(),IF(INDEX(Питание!$Q$14:$Q$378,$J15)="",NA(),INDEX(Питание!$Q$14:$Q$378,$J15))) -> 165 | I15: =TargetProtein -> 165 | J15: =IFERROR(MATCH($A15,Питание!$A$14:$A$378,0),"") -> 5
A16: =A15+1 -> 46299 | B16: =IF($J16="",NA(),IF(INDEX(Питание!$B$14:$B$378,$J16)="",NA(),INDEX(Питание!$B$14:$B$378,$J16))) -> abc | C16: =IF($J16="",NA(),IF(INDEX(Питание!$O$14:$O$378,$J16)="",NA(),INDEX(Питание!$O$14:$O$378,$J16))) -> 82.34 | D16: =IF($J16="",NA(),IF(INDEX(Питание!$C$14:$C$378,$J16)="",NA(),INDEX(Питание!$C$14:$C$378,$J16))) -> #N/A | E16: =IF($J16="",NA(),IF(INDEX(Питание!$P$14:$P$378,$J16)="",NA(),INDEX(Питание!$P$14:$P$378,$J16))) -> #N/A | F16: =TargetKcal -> 2200 | G16: =IF($J16="",NA(),IF(INDEX(Питание!$D$14:$D$378,$J16)="",NA(),INDEX(Питание!$D$14:$D$378,$J16))) -> #N/A | H16: =IF($J16="",NA(),IF(INDEX(Питание!$Q$14:$Q$378,$J16)="",NA(),INDEX(Питание!$Q$14:$Q$378,$J16))) -> #N/A | I16: =TargetProtein -> 165 | J16: =IFERROR(MATCH($A16,Питание!$A$14:$A$378,0),"") -> 6
A17: =A16+1 -> 46300 | B17: =IF($J17="",NA(),IF(INDEX(Питание!$B$14:$B$378,$J17)="",NA(),INDEX(Питание!$B$14:$B$378,$J17))) -> #N/A | C17: =IF($J17="",NA(),IF(INDEX(Питание!$O$14:$O$378,$J17)="",NA(),INDEX(Питание!$O$14:$O$378,$J17))) -> #N/A | D17: =IF($J17="",NA(),IF(INDEX(Питание!$C$14:$C$378,$J17)="",NA(),INDEX(Питание!$C$14:$C$378,$J17))) -> #N/A | E17: =IF($J17="",NA(),IF(INDEX(Питание!$P$14:$P$378,$J17)="",NA(),INDEX(Питание!$P$14:$P$378,$J17))) -> #N/A | F17: =TargetKcal -> 2200 | G17: =IF($J17="",NA(),IF(INDEX(Питание!$D$14:$D$378,$J17)="",NA(),INDEX(Питание!$D$14:$D$378,$J17))) -> #N/A | H17: =IF($J17="",NA(),IF(INDEX(Питание!$Q$14:$Q$378,$J17)="",NA(),INDEX(Питание!$Q$14:$Q$378,$J17))) -> #N/A | I17: =TargetProtein -> 165 | J17: =IFERROR(MATCH($A17,Питание!$A$14:$A$378,0),"") -> 7
A18: =A17+1 -> 46301 | B18: =IF($J18="",NA(),IF(INDEX(Питание!$B$14:$B$378,$J18)="",NA(),INDEX(Питание!$B$14:$B$378,$J18))) -> #N/A | C18: =IF($J18="",NA(),IF(INDEX(Питание!$O$14:$O$378,$J18)="",NA(),INDEX(Питание!$O$14:$O$378,$J18))) -> #N/A | D18: =IF($J18="",NA(),IF(INDEX(Питание!$C$14:$C$378,$J18)="",NA(),INDEX(Питание!$C$14:$C$378,$J18))) -> #N/A | E18: =IF($J18="",NA(),IF(INDEX(Питание!$P$14:$P$378,$J18)="",NA(),INDEX(Питание!$P$14:$P$378,$J18))) -> #N/A | F18: =TargetKcal -> 2200 | G18: =IF($J18="",NA(),IF(INDEX(Питание!$D$14:$D$378,$J18)="",NA(),INDEX(Питание!$D$14:$D$378,$J18))) -> #N/A | H18: =IF($J18="",NA(),IF(INDEX(Питание!$Q$14:$Q$378,$J18)="",NA(),INDEX(Питание!$Q$14:$Q$378,$J18))) -> #N/A | I18: =TargetProtein -> 165 | J18: =IFERROR(MATCH($A18,Питание!$A$14:$A$378,0),"") -> 8
A19: =A18+1 -> 46302 | B19: =IF($J19="",NA(),IF(INDEX(Питание!$B$14:$B$378,$J19)="",NA(),INDEX(Питание!$B$14:$B$378,$J19))) -> #N/A | C19: =IF($J19="",NA(),IF(INDEX(Питание!$O$14:$O$378,$J19)="",NA(),INDEX(Питание!$O$14:$O$378,$J19))) -> #N/A | D19: =IF($J19="",NA(),IF(INDEX(Питание!$C$14:$C$378,$J19)="",NA(),INDEX(Питание!$C$14:$C$378,$J19))) -> #N/A | E19: =IF($J19="",NA(),IF(INDEX(Питание!$P$14:$P$378,$J19)="",NA(),INDEX(Питание!$P$14:$P$378,$J19))) -> #N/A | F19: =TargetKcal -> 2200 | G19: =IF($J19="",NA(),IF(INDEX(Питание!$D$14:$D$378,$J19)="",NA(),INDEX(Питание!$D$14:$D$378,$J19))) -> #N/A | H19: =IF($J19="",NA(),IF(INDEX(Питание!$Q$14:$Q$378,$J19)="",NA(),INDEX(Питание!$Q$14:$Q$378,$J19))) -> #N/A | I19: =TargetProtein -> 165 | J19: =IFERROR(MATCH($A19,Питание!$A$14:$A$378,0),"") -> 9
A20: =A19+1 -> 46303 | B20: =IF($J20="",NA(),IF(INDEX(Питание!$B$14:$B$378,$J20)="",NA(),INDEX(Питание!$B$14:$B$378,$J20))) -> #N/A | C20: =IF($J20="",NA(),IF(INDEX(Питание!$O$14:$O$378,$J20)="",NA(),INDEX(Питание!$O$14:$O$378,$J20))) -> #N/A | D20: =IF($J20="",NA(),IF(INDEX(Питание!$C$14:$C$378,$J20)="",NA(),INDEX(Питание!$C$14:$C$378,$J20))) -> #N/A | E20: =IF($J20="",NA(),IF(INDEX(Питание!$P$14:$P$378,$J20)="",NA(),INDEX(Питание!$P$14:$P$378,$J20))) -> #N/A | F20: =TargetKcal -> 2200 | G20: =IF($J20="",NA(),IF(INDEX(Питание!$D$14:$D$378,$J20)="",NA(),INDEX(Питание!$D$14:$D$378,$J20))) -> #N/A | H20: =IF($J20="",NA(),IF(INDEX(Питание!$Q$14:$Q$378,$J20)="",NA(),INDEX(Питание!$Q$14:$Q$378,$J20))) -> #N/A | I20: =TargetProtein -> 165 | J20: =IFERROR(MATCH($A20,Питание!$A$14:$A$378,0),"") -> 10
A21: =A20+1 -> 46304 | B21: =IF($J21="",NA(),IF(INDEX(Питание!$B$14:$B$378,$J21)="",NA(),INDEX(Питание!$B$14:$B$378,$J21))) -> #N/A | C21: =IF($J21="",NA(),IF(INDEX(Питание!$O$14:$O$378,$J21)="",NA(),INDEX(Питание!$O$14:$O$378,$J21))) -> #N/A | D21: =IF($J21="",NA(),IF(INDEX(Питание!$C$14:$C$378,$J21)="",NA(),INDEX(Питание!$C$14:$C$378,$J21))) -> #N/A | E21: =IF($J21="",NA(),IF(INDEX(Питание!$P$14:$P$378,$J21)="",NA(),INDEX(Питание!$P$14:$P$378,$J21))) -> #N/A | F21: =TargetKcal -> 2200 | G21: =IF($J21="",NA(),IF(INDEX(Питание!$D$14:$D$378,$J21)="",NA(),INDEX(Питание!$D$14:$D$378,$J21))) -> #N/A | H21: =IF($J21="",NA(),IF(INDEX(Питание!$Q$14:$Q$378,$J21)="",NA(),INDEX(Питание!$Q$14:$Q$378,$J21))) -> #N/A | I21: =TargetProtein -> 165 | J21: =IFERROR(MATCH($A21,Питание!$A$14:$A$378,0),"") -> 11
A22: =A21+1 -> 46305 | B22: =IF($J22="",NA(),IF(INDEX(Питание!$B$14:$B$378,$J22)="",NA(),INDEX(Питание!$B$14:$B$378,$J22))) -> #N/A | C22: =IF($J22="",NA(),IF(INDEX(Питание!$O$14:$O$378,$J22)="",NA(),INDEX(Питание!$O$14:$O$378,$J22))) -> #N/A | D22: =IF($J22="",NA(),IF(INDEX(Питание!$C$14:$C$378,$J22)="",NA(),INDEX(Питание!$C$14:$C$378,$J22))) -> #N/A | E22: =IF($J22="",NA(),IF(INDEX(Питание!$P$14:$P$378,$J22)="",NA(),INDEX(Питание!$P$14:$P$378,$J22))) -> #N/A | F22: =TargetKcal -> 2200 | G22: =IF($J22="",NA(),IF(INDEX(Питание!$D$14:$D$378,$J22)="",NA(),INDEX(Питание!$D$14:$D$378,$J22))) -> #N/A | H22: =IF($J22="",NA(),IF(INDEX(Питание!$Q$14:$Q$378,$J22)="",NA(),INDEX(Питание!$Q$14:$Q$378,$J22))) -> #N/A | I22: =TargetProtein -> 165 | J22: =IFERROR(MATCH($A22,Питание!$A$14:$A$378,0),"") -> 12
A23: =A22+1 -> 46306 | B23: =IF($J23="",NA(),IF(INDEX(Питание!$B$14:$B$378,$J23)="",NA(),INDEX(Питание!$B$14:$B$378,$J23))) -> #N/A | C23: =IF($J23="",NA(),IF(INDEX(Питание!$O$14:$O$378,$J23)="",NA(),INDEX(Питание!$O$14:$O$378,$J23))) -> #N/A | D23: =IF($J23="",NA(),IF(INDEX(Питание!$C$14:$C$378,$J23)="",NA(),INDEX(Питание!$C$14:$C$378,$J23))) -> #N/A | E23: =IF($J23="",NA(),IF(INDEX(Питание!$P$14:$P$378,$J23)="",NA(),INDEX(Питание!$P$14:$P$378,$J23))) -> #N/A | F23: =TargetKcal -> 2200 | G23: =IF($J23="",NA(),IF(INDEX(Питание!$D$14:$D$378,$J23)="",NA(),INDEX(Питание!$D$14:$D$378,$J23))) -> #N/A | H23: =IF($J23="",NA(),IF(INDEX(Питание!$Q$14:$Q$378,$J23)="",NA(),INDEX(Питание!$Q$14:$Q$378,$J23))) -> #N/A | I23: =TargetProtein -> 165 | J23: =IFERROR(MATCH($A23,Питание!$A$14:$A$378,0),"") -> 13
... A100: =A99+1 -> 46383 | B100: =IF($J100="",NA(),IF(INDEX(Питание!$B$14:$B$378,$J100)="",NA(),INDEX(Питание!$B$14:$B$378,$J100))) -> #N/A | C100: =IF($J100="",NA(),IF(INDEX(Питание!$O$14:$O$378,$J100)="",NA(),INDEX(Питание!$O$14:$O$378,$J100))) -> #N/A | D100: =IF($J100="",NA(),IF(INDEX(Питание!$C$14:$C$378,$J100)="",NA(),INDEX(Питание!$C$14:$C$378,$J100))) -> #N/A | E100: =IF($J100="",NA(),IF(INDEX(Питание!$P$14:$P$378,$J100)="",NA(),INDEX(Питание!$P$14:$P$378,$J100))) -> #N/A | F100: =TargetKcal -> 2200 | G100: =IF($J100="",NA(),IF(INDEX(Питание!$D$14:$D$378,$J100)="",NA(),INDEX(Питание!$D$14:$D$378,$J100))) -> #N/A | H100: =IF($J100="",NA(),IF(INDEX(Питание!$Q$14:$Q$378,$J100)="",NA(),INDEX(Питание!$Q$14:$Q$378,$J100))) -> #N/A | I100: =TargetProtein -> 165 | J100: =IFERROR(MATCH($A100,Питание!$A$14:$A$378,0),"") -> 90
A105: Начало недели | B105: =Ex_1 -> Жим платформы ногами | C105: =Ex_2 -> Жим в тренажёре сидя (грудь) | D105: =Ex_3 -> Тяга верхнего блока (узкий/нейтральный хват) | E105: =Ex_4 -> Присед в Смите (ноги чуть вперёд) | F105: =Ex_5 -> Разгибание ног сидя
A106: =WeekStart0 -> 46294 | B106: =IF(COUNTIFS(Тренировки!$C$6:$C$2005,B$105,Тренировки!$A$6:$A$2005,">="&$A106,Тренировки!$A$6:$A$2005,"<"&$A106+7,Тренировки!$H$6:$H$2005,"<>Разминка",Тренировки!$E$6:$E$2005,">0")=0,NA(),_xlfn.MAXIFS(Тренировки!$E$6:$E$2005,Тренировки!$C$6:$C$2005,B$105,Тренировки!$A$6:$A$2005,">="&$A106,Тренировки!$A$6:$A$2005,"<"&$A106+7,Тренировки!$H$6:$H$2005,"<>Разминка",Тренировки!$E$6:$E$2005,">0")) -> #N/A | C106: =IF(COUNTIFS(Тренировки!$C$6:$C$2005,C$105,Тренировки!$A$6:$A$2005,">="&$A106,Тренировки!$A$6:$A$2005,"<"&$A106+7,Тренировки!$H$6:$H$2005,"<>Разминка",Тренировки!$E$6:$E$2005,">0")=0,NA(),_xlfn.MAXIFS(Тренировки!$E$6:$E$2005,Тренировки!$C$6:$C$2005,C$105,Тренировки!$A$6:$A$2005,">="&$A106,Тренировки!$A$6:$A$2005,"<"&$A106+7,Тренировки!$H$6:$H$2005,"<>Разминка",Тренировки!$E$6:$E$2005,">0")) -> #N/A | D106: =IF(COUNTIFS(Тренировки!$C$6:$C$2005,D$105,Тренировки!$A$6:$A$2005,">="&$A106,Тренировки!$A$6:$A$2005,"<"&$A106+7,Тренировки!$H$6:$H$2005,"<>Разминка",Тренировки!$E$6:$E$2005,">0")=0,NA(),_xlfn.MAXIFS(Тренировки!$E$6:$E$2005,Тренировки!$C$6:$C$2005,D$105,Тренировки!$A$6:$A$2005,">="&$A106,Тренировки!$A$6:$A$2005,"<"&$A106+7,Тренировки!$H$6:$H$2005,"<>Разминка",Тренировки!$E$6:$E$2005,">0")) -> #N/A | E106: =IF(COUNTIFS(Тренировки!$C$6:$C$2005,E$105,Тренировки!$A$6:$A$2005,">="&$A106,Тренировки!$A$6:$A$2005,"<"&$A106+7,Тренировки!$H$6:$H$2005,"<>Разминка",Тренировки!$E$6:$E$2005,">0")=0,NA(),_xlfn.MAXIFS(Тренировки!$E$6:$E$2005,Тренировки!$C$6:$C$2005,E$105,Тренировки!$A$6:$A$2005,">="&$A106,Тренировки!$A$6:$A$2005,"<"&$A106+7,Тренировки!$H$6:$H$2005,"<>Разминка",Тренировки!$E$6:$E$2005,">0")) -> #N/A | F106: =IF(COUNTIFS(Тренировки!$C$6:$C$2005,F$105,Тренировки!$A$6:$A$2005,">="&$A106,Тренировки!$A$6:$A$2005,"<"&$A106+7,Тренировки!$H$6:$H$2005,"<>Разминка",Тренировки!$E$6:$E$2005,">0")=0,NA(),_xlfn.MAXIFS(Тренировки!$E$6:$E$2005,Тренировки!$C$6:$C$2005,F$105,Тренировки!$A$6:$A$2005,">="&$A106,Тренировки!$A$6:$A$2005,"<"&$A106+7,Тренировки!$H$6:$H$2005,"<>Разминка",Тренировки!$E$6:$E$2005,">0")) -> #N/A
A107: =A106+7 -> 46301 | B107: =IF(COUNTIFS(Тренировки!$C$6:$C$2005,B$105,Тренировки!$A$6:$A$2005,">="&$A107,Тренировки!$A$6:$A$2005,"<"&$A107+7,Тренировки!$H$6:$H$2005,"<>Разминка",Тренировки!$E$6:$E$2005,">0")=0,NA(),_xlfn.MAXIFS(Тренировки!$E$6:$E$2005,Тренировки!$C$6:$C$2005,B$105,Тренировки!$A$6:$A$2005,">="&$A107,Тренировки!$A$6:$A$2005,"<"&$A107+7,Тренировки!$H$6:$H$2005,"<>Разминка",Тренировки!$E$6:$E$2005,">0")) -> #N/A | C107: =IF(COUNTIFS(Тренировки!$C$6:$C$2005,C$105,Тренировки!$A$6:$A$2005,">="&$A107,Тренировки!$A$6:$A$2005,"<"&$A107+7,Тренировки!$H$6:$H$2005,"<>Разминка",Тренировки!$E$6:$E$2005,">0")=0,NA(),_xlfn.MAXIFS(Тренировки!$E$6:$E$2005,Тренировки!$C$6:$C$2005,C$105,Тренировки!$A$6:$A$2005,">="&$A107,Тренировки!$A$6:$A$2005,"<"&$A107+7,Тренировки!$H$6:$H$2005,"<>Разминка",Тренировки!$E$6:$E$2005,">0")) -> #N/A | D107: =IF(COUNTIFS(Тренировки!$C$6:$C$2005,D$105,Тренировки!$A$6:$A$2005,">="&$A107,Тренировки!$A$6:$A$2005,"<"&$A107+7,Тренировки!$H$6:$H$2005,"<>Разминка",Тренировки!$E$6:$E$2005,">0")=0,NA(),_xlfn.MAXIFS(Тренировки!$E$6:$E$2005,Тренировки!$C$6:$C$2005,D$105,Тренировки!$A$6:$A$2005,">="&$A107,Тренировки!$A$6:$A$2005,"<"&$A107+7,Тренировки!$H$6:$H$2005,"<>Разминка",Тренировки!$E$6:$E$2005,">0")) -> #N/A | E107: =IF(COUNTIFS(Тренировки!$C$6:$C$2005,E$105,Тренировки!$A$6:$A$2005,">="&$A107,Тренировки!$A$6:$A$2005,"<"&$A107+7,Тренировки!$H$6:$H$2005,"<>Разминка",Тренировки!$E$6:$E$2005,">0")=0,NA(),_xlfn.MAXIFS(Тренировки!$E$6:$E$2005,Тренировки!$C$6:$C$2005,E$105,Тренировки!$A$6:$A$2005,">="&$A107,Тренировки!$A$6:$A$2005,"<"&$A107+7,Тренировки!$H$6:$H$2005,"<>Разминка",Тренировки!$E$6:$E$2005,">0")) -> #N/A | F107: =IF(COUNTIFS(Тренировки!$C$6:$C$2005,F$105,Тренировки!$A$6:$A$2005,">="&$A107,Тренировки!$A$6:$A$2005,"<"&$A107+7,Тренировки!$H$6:$H$2005,"<>Разминка",Тренировки!$E$6:$E$2005,">0")=0,NA(),_xlfn.MAXIFS(Тренировки!$E$6:$E$2005,Тренировки!$C$6:$C$2005,F$105,Тренировки!$A$6:$A$2005,">="&$A107,Тренировки!$A$6:$A$2005,"<"&$A107+7,Тренировки!$H$6:$H$2005,"<>Разминка",Тренировки!$E$6:$E$2005,">0")) -> #N/A
A108: =A107+7 -> 46308 | B108: =IF(COUNTIFS(Тренировки!$C$6:$C$2005,B$105,Тренировки!$A$6:$A$2005,">="&$A108,Тренировки!$A$6:$A$2005,"<"&$A108+7,Тренировки!$H$6:$H$2005,"<>Разминка",Тренировки!$E$6:$E$2005,">0")=0,NA(),_xlfn.MAXIFS(Тренировки!$E$6:$E$2005,Тренировки!$C$6:$C$2005,B$105,Тренировки!$A$6:$A$2005,">="&$A108,Тренировки!$A$6:$A$2005,"<"&$A108+7,Тренировки!$H$6:$H$2005,"<>Разминка",Тренировки!$E$6:$E$2005,">0")) -> #N/A | C108: =IF(COUNTIFS(Тренировки!$C$6:$C$2005,C$105,Тренировки!$A$6:$A$2005,">="&$A108,Тренировки!$A$6:$A$2005,"<"&$A108+7,Тренировки!$H$6:$H$2005,"<>Разминка",Тренировки!$E$6:$E$2005,">0")=0,NA(),_xlfn.MAXIFS(Тренировки!$E$6:$E$2005,Тренировки!$C$6:$C$2005,C$105,Тренировки!$A$6:$A$2005,">="&$A108,Тренировки!$A$6:$A$2005,"<"&$A108+7,Тренировки!$H$6:$H$2005,"<>Разминка",Тренировки!$E$6:$E$2005,">0")) -> #N/A | D108: =IF(COUNTIFS(Тренировки!$C$6:$C$2005,D$105,Тренировки!$A$6:$A$2005,">="&$A108,Тренировки!$A$6:$A$2005,"<"&$A108+7,Тренировки!$H$6:$H$2005,"<>Разминка",Тренировки!$E$6:$E$2005,">0")=0,NA(),_xlfn.MAXIFS(Тренировки!$E$6:$E$2005,Тренировки!$C$6:$C$2005,D$105,Тренировки!$A$6:$A$2005,">="&$A108,Тренировки!$A$6:$A$2005,"<"&$A108+7,Тренировки!$H$6:$H$2005,"<>Разминка",Тренировки!$E$6:$E$2005,">0")) -> #N/A | E108: =IF(COUNTIFS(Тренировки!$C$6:$C$2005,E$105,Тренировки!$A$6:$A$2005,">="&$A108,Тренировки!$A$6:$A$2005,"<"&$A108+7,Тренировки!$H$6:$H$2005,"<>Разминка",Тренировки!$E$6:$E$2005,">0")=0,NA(),_xlfn.MAXIFS(Тренировки!$E$6:$E$2005,Тренировки!$C$6:$C$2005,E$105,Тренировки!$A$6:$A$2005,">="&$A108,Тренировки!$A$6:$A$2005,"<"&$A108+7,Тренировки!$H$6:$H$2005,"<>Разминка",Тренировки!$E$6:$E$2005,">0")) -> #N/A | F108: =IF(COUNTIFS(Тренировки!$C$6:$C$2005,F$105,Тренировки!$A$6:$A$2005,">="&$A108,Тренировки!$A$6:$A$2005,"<"&$A108+7,Тренировки!$H$6:$H$2005,"<>Разминка",Тренировки!$E$6:$E$2005,">0")=0,NA(),_xlfn.MAXIFS(Тренировки!$E$6:$E$2005,Тренировки!$C$6:$C$2005,F$105,Тренировки!$A$6:$A$2005,">="&$A108,Тренировки!$A$6:$A$2005,"<"&$A108+7,Тренировки!$H$6:$H$2005,"<>Разминка",Тренировки!$E$6:$E$2005,">0")) -> #N/A
A109: =A108+7 -> 46315 | B109: =IF(COUNTIFS(Тренировки!$C$6:$C$2005,B$105,Тренировки!$A$6:$A$2005,">="&$A109,Тренировки!$A$6:$A$2005,"<"&$A109+7,Тренировки!$H$6:$H$2005,"<>Разминка",Тренировки!$E$6:$E$2005,">0")=0,NA(),_xlfn.MAXIFS(Тренировки!$E$6:$E$2005,Тренировки!$C$6:$C$2005,B$105,Тренировки!$A$6:$A$2005,">="&$A109,Тренировки!$A$6:$A$2005,"<"&$A109+7,Тренировки!$H$6:$H$2005,"<>Разминка",Тренировки!$E$6:$E$2005,">0")) -> #N/A | C109: =IF(COUNTIFS(Тренировки!$C$6:$C$2005,C$105,Тренировки!$A$6:$A$2005,">="&$A109,Тренировки!$A$6:$A$2005,"<"&$A109+7,Тренировки!$H$6:$H$2005,"<>Разминка",Тренировки!$E$6:$E$2005,">0")=0,NA(),_xlfn.MAXIFS(Тренировки!$E$6:$E$2005,Тренировки!$C$6:$C$2005,C$105,Тренировки!$A$6:$A$2005,">="&$A109,Тренировки!$A$6:$A$2005,"<"&$A109+7,Тренировки!$H$6:$H$2005,"<>Разминка",Тренировки!$E$6:$E$2005,">0")) -> #N/A | D109: =IF(COUNTIFS(Тренировки!$C$6:$C$2005,D$105,Тренировки!$A$6:$A$2005,">="&$A109,Тренировки!$A$6:$A$2005,"<"&$A109+7,Тренировки!$H$6:$H$2005,"<>Разминка",Тренировки!$E$6:$E$2005,">0")=0,NA(),_xlfn.MAXIFS(Тренировки!$E$6:$E$2005,Тренировки!$C$6:$C$2005,D$105,Тренировки!$A$6:$A$2005,">="&$A109,Тренировки!$A$6:$A$2005,"<"&$A109+7,Тренировки!$H$6:$H$2005,"<>Разминка",Тренировки!$E$6:$E$2005,">0")) -> #N/A | E109: =IF(COUNTIFS(Тренировки!$C$6:$C$2005,E$105,Тренировки!$A$6:$A$2005,">="&$A109,Тренировки!$A$6:$A$2005,"<"&$A109+7,Тренировки!$H$6:$H$2005,"<>Разминка",Тренировки!$E$6:$E$2005,">0")=0,NA(),_xlfn.MAXIFS(Тренировки!$E$6:$E$2005,Тренировки!$C$6:$C$2005,E$105,Тренировки!$A$6:$A$2005,">="&$A109,Тренировки!$A$6:$A$2005,"<"&$A109+7,Тренировки!$H$6:$H$2005,"<>Разминка",Тренировки!$E$6:$E$2005,">0")) -> #N/A | F109: =IF(COUNTIFS(Тренировки!$C$6:$C$2005,F$105,Тренировки!$A$6:$A$2005,">="&$A109,Тренировки!$A$6:$A$2005,"<"&$A109+7,Тренировки!$H$6:$H$2005,"<>Разминка",Тренировки!$E$6:$E$2005,">0")=0,NA(),_xlfn.MAXIFS(Тренировки!$E$6:$E$2005,Тренировки!$C$6:$C$2005,F$105,Тренировки!$A$6:$A$2005,">="&$A109,Тренировки!$A$6:$A$2005,"<"&$A109+7,Тренировки!$H$6:$H$2005,"<>Разминка",Тренировки!$E$6:$E$2005,">0")) -> #N/A
A110: =A109+7 -> 46322 | B110: =IF(COUNTIFS(Тренировки!$C$6:$C$2005,B$105,Тренировки!$A$6:$A$2005,">="&$A110,Тренировки!$A$6:$A$2005,"<"&$A110+7,Тренировки!$H$6:$H$2005,"<>Разминка",Тренировки!$E$6:$E$2005,">0")=0,NA(),_xlfn.MAXIFS(Тренировки!$E$6:$E$2005,Тренировки!$C$6:$C$2005,B$105,Тренировки!$A$6:$A$2005,">="&$A110,Тренировки!$A$6:$A$2005,"<"&$A110+7,Тренировки!$H$6:$H$2005,"<>Разминка",Тренировки!$E$6:$E$2005,">0")) -> #N/A | C110: =IF(COUNTIFS(Тренировки!$C$6:$C$2005,C$105,Тренировки!$A$6:$A$2005,">="&$A110,Тренировки!$A$6:$A$2005,"<"&$A110+7,Тренировки!$H$6:$H$2005,"<>Разминка",Тренировки!$E$6:$E$2005,">0")=0,NA(),_xlfn.MAXIFS(Тренировки!$E$6:$E$2005,Тренировки!$C$6:$C$2005,C$105,Тренировки!$A$6:$A$2005,">="&$A110,Тренировки!$A$6:$A$2005,"<"&$A110+7,Тренировки!$H$6:$H$2005,"<>Разминка",Тренировки!$E$6:$E$2005,">0")) -> #N/A | D110: =IF(COUNTIFS(Тренировки!$C$6:$C$2005,D$105,Тренировки!$A$6:$A$2005,">="&$A110,Тренировки!$A$6:$A$2005,"<"&$A110+7,Тренировки!$H$6:$H$2005,"<>Разминка",Тренировки!$E$6:$E$2005,">0")=0,NA(),_xlfn.MAXIFS(Тренировки!$E$6:$E$2005,Тренировки!$C$6:$C$2005,D$105,Тренировки!$A$6:$A$2005,">="&$A110,Тренировки!$A$6:$A$2005,"<"&$A110+7,Тренировки!$H$6:$H$2005,"<>Разминка",Тренировки!$E$6:$E$2005,">0")) -> #N/A | E110: =IF(COUNTIFS(Тренировки!$C$6:$C$2005,E$105,Тренировки!$A$6:$A$2005,">="&$A110,Тренировки!$A$6:$A$2005,"<"&$A110+7,Тренировки!$H$6:$H$2005,"<>Разминка",Тренировки!$E$6:$E$2005,">0")=0,NA(),_xlfn.MAXIFS(Тренировки!$E$6:$E$2005,Тренировки!$C$6:$C$2005,E$105,Тренировки!$A$6:$A$2005,">="&$A110,Тренировки!$A$6:$A$2005,"<"&$A110+7,Тренировки!$H$6:$H$2005,"<>Разминка",Тренировки!$E$6:$E$2005,">0")) -> #N/A | F110: =IF(COUNTIFS(Тренировки!$C$6:$C$2005,F$105,Тренировки!$A$6:$A$2005,">="&$A110,Тренировки!$A$6:$A$2005,"<"&$A110+7,Тренировки!$H$6:$H$2005,"<>Разминка",Тренировки!$E$6:$E$2005,">0")=0,NA(),_xlfn.MAXIFS(Тренировки!$E$6:$E$2005,Тренировки!$C$6:$C$2005,F$105,Тренировки!$A$6:$A$2005,">="&$A110,Тренировки!$A$6:$A$2005,"<"&$A110+7,Тренировки!$H$6:$H$2005,"<>Разминка",Тренировки!$E$6:$E$2005,">0")) -> #N/A
A111: =A110+7 -> 46329 | B111: =IF(COUNTIFS(Тренировки!$C$6:$C$2005,B$105,Тренировки!$A$6:$A$2005,">="&$A111,Тренировки!$A$6:$A$2005,"<"&$A111+7,Тренировки!$H$6:$H$2005,"<>Разминка",Тренировки!$E$6:$E$2005,">0")=0,NA(),_xlfn.MAXIFS(Тренировки!$E$6:$E$2005,Тренировки!$C$6:$C$2005,B$105,Тренировки!$A$6:$A$2005,">="&$A111,Тренировки!$A$6:$A$2005,"<"&$A111+7,Тренировки!$H$6:$H$2005,"<>Разминка",Тренировки!$E$6:$E$2005,">0")) -> #N/A | C111: =IF(COUNTIFS(Тренировки!$C$6:$C$2005,C$105,Тренировки!$A$6:$A$2005,">="&$A111,Тренировки!$A$6:$A$2005,"<"&$A111+7,Тренировки!$H$6:$H$2005,"<>Разминка",Тренировки!$E$6:$E$2005,">0")=0,NA(),_xlfn.MAXIFS(Тренировки!$E$6:$E$2005,Тренировки!$C$6:$C$2005,C$105,Тренировки!$A$6:$A$2005,">="&$A111,Тренировки!$A$6:$A$2005,"<"&$A111+7,Тренировки!$H$6:$H$2005,"<>Разминка",Тренировки!$E$6:$E$2005,">0")) -> #N/A | D111: =IF(COUNTIFS(Тренировки!$C$6:$C$2005,D$105,Тренировки!$A$6:$A$2005,">="&$A111,Тренировки!$A$6:$A$2005,"<"&$A111+7,Тренировки!$H$6:$H$2005,"<>Разминка",Тренировки!$E$6:$E$2005,">0")=0,NA(),_xlfn.MAXIFS(Тренировки!$E$6:$E$2005,Тренировки!$C$6:$C$2005,D$105,Тренировки!$A$6:$A$2005,">="&$A111,Тренировки!$A$6:$A$2005,"<"&$A111+7,Тренировки!$H$6:$H$2005,"<>Разминка",Тренировки!$E$6:$E$2005,">0")) -> #N/A | E111: =IF(COUNTIFS(Тренировки!$C$6:$C$2005,E$105,Тренировки!$A$6:$A$2005,">="&$A111,Тренировки!$A$6:$A$2005,"<"&$A111+7,Тренировки!$H$6:$H$2005,"<>Разминка",Тренировки!$E$6:$E$2005,">0")=0,NA(),_xlfn.MAXIFS(Тренировки!$E$6:$E$2005,Тренировки!$C$6:$C$2005,E$105,Тренировки!$A$6:$A$2005,">="&$A111,Тренировки!$A$6:$A$2005,"<"&$A111+7,Тренировки!$H$6:$H$2005,"<>Разминка",Тренировки!$E$6:$E$2005,">0")) -> #N/A | F111: =IF(COUNTIFS(Тренировки!$C$6:$C$2005,F$105,Тренировки!$A$6:$A$2005,">="&$A111,Тренировки!$A$6:$A$2005,"<"&$A111+7,Тренировки!$H$6:$H$2005,"<>Разминка",Тренировки!$E$6:$E$2005,">0")=0,NA(),_xlfn.MAXIFS(Тренировки!$E$6:$E$2005,Тренировки!$C$6:$C$2005,F$105,Тренировки!$A$6:$A$2005,">="&$A111,Тренировки!$A$6:$A$2005,"<"&$A111+7,Тренировки!$H$6:$H$2005,"<>Разминка",Тренировки!$E$6:$E$2005,">0")) -> #N/A
A112: =A111+7 -> 46336 | B112: =IF(COUNTIFS(Тренировки!$C$6:$C$2005,B$105,Тренировки!$A$6:$A$2005,">="&$A112,Тренировки!$A$6:$A$2005,"<"&$A112+7,Тренировки!$H$6:$H$2005,"<>Разминка",Тренировки!$E$6:$E$2005,">0")=0,NA(),_xlfn.MAXIFS(Тренировки!$E$6:$E$2005,Тренировки!$C$6:$C$2005,B$105,Тренировки!$A$6:$A$2005,">="&$A112,Тренировки!$A$6:$A$2005,"<"&$A112+7,Тренировки!$H$6:$H$2005,"<>Разминка",Тренировки!$E$6:$E$2005,">0")) -> #N/A | C112: =IF(COUNTIFS(Тренировки!$C$6:$C$2005,C$105,Тренировки!$A$6:$A$2005,">="&$A112,Тренировки!$A$6:$A$2005,"<"&$A112+7,Тренировки!$H$6:$H$2005,"<>Разминка",Тренировки!$E$6:$E$2005,">0")=0,NA(),_xlfn.MAXIFS(Тренировки!$E$6:$E$2005,Тренировки!$C$6:$C$2005,C$105,Тренировки!$A$6:$A$2005,">="&$A112,Тренировки!$A$6:$A$2005,"<"&$A112+7,Тренировки!$H$6:$H$2005,"<>Разминка",Тренировки!$E$6:$E$2005,">0")) -> #N/A | D112: =IF(COUNTIFS(Тренировки!$C$6:$C$2005,D$105,Тренировки!$A$6:$A$2005,">="&$A112,Тренировки!$A$6:$A$2005,"<"&$A112+7,Тренировки!$H$6:$H$2005,"<>Разминка",Тренировки!$E$6:$E$2005,">0")=0,NA(),_xlfn.MAXIFS(Тренировки!$E$6:$E$2005,Тренировки!$C$6:$C$2005,D$105,Тренировки!$A$6:$A$2005,">="&$A112,Тренировки!$A$6:$A$2005,"<"&$A112+7,Тренировки!$H$6:$H$2005,"<>Разминка",Тренировки!$E$6:$E$2005,">0")) -> #N/A | E112: =IF(COUNTIFS(Тренировки!$C$6:$C$2005,E$105,Тренировки!$A$6:$A$2005,">="&$A112,Тренировки!$A$6:$A$2005,"<"&$A112+7,Тренировки!$H$6:$H$2005,"<>Разминка",Тренировки!$E$6:$E$2005,">0")=0,NA(),_xlfn.MAXIFS(Тренировки!$E$6:$E$2005,Тренировки!$C$6:$C$2005,E$105,Тренировки!$A$6:$A$2005,">="&$A112,Тренировки!$A$6:$A$2005,"<"&$A112+7,Тренировки!$H$6:$H$2005,"<>Разминка",Тренировки!$E$6:$E$2005,">0")) -> #N/A | F112: =IF(COUNTIFS(Тренировки!$C$6:$C$2005,F$105,Тренировки!$A$6:$A$2005,">="&$A112,Тренировки!$A$6:$A$2005,"<"&$A112+7,Тренировки!$H$6:$H$2005,"<>Разминка",Тренировки!$E$6:$E$2005,">0")=0,NA(),_xlfn.MAXIFS(Тренировки!$E$6:$E$2005,Тренировки!$C$6:$C$2005,F$105,Тренировки!$A$6:$A$2005,">="&$A112,Тренировки!$A$6:$A$2005,"<"&$A112+7,Тренировки!$H$6:$H$2005,"<>Разминка",Тренировки!$E$6:$E$2005,">0")) -> #N/A
A113: =A112+7 -> 46343 | B113: =IF(COUNTIFS(Тренировки!$C$6:$C$2005,B$105,Тренировки!$A$6:$A$2005,">="&$A113,Тренировки!$A$6:$A$2005,"<"&$A113+7,Тренировки!$H$6:$H$2005,"<>Разминка",Тренировки!$E$6:$E$2005,">0")=0,NA(),_xlfn.MAXIFS(Тренировки!$E$6:$E$2005,Тренировки!$C$6:$C$2005,B$105,Тренировки!$A$6:$A$2005,">="&$A113,Тренировки!$A$6:$A$2005,"<"&$A113+7,Тренировки!$H$6:$H$2005,"<>Разминка",Тренировки!$E$6:$E$2005,">0")) -> #N/A | C113: =IF(COUNTIFS(Тренировки!$C$6:$C$2005,C$105,Тренировки!$A$6:$A$2005,">="&$A113,Тренировки!$A$6:$A$2005,"<"&$A113+7,Тренировки!$H$6:$H$2005,"<>Разминка",Тренировки!$E$6:$E$2005,">0")=0,NA(),_xlfn.MAXIFS(Тренировки!$E$6:$E$2005,Тренировки!$C$6:$C$2005,C$105,Тренировки!$A$6:$A$2005,">="&$A113,Тренировки!$A$6:$A$2005,"<"&$A113+7,Тренировки!$H$6:$H$2005,"<>Разминка",Тренировки!$E$6:$E$2005,">0")) -> #N/A | D113: =IF(COUNTIFS(Тренировки!$C$6:$C$2005,D$105,Тренировки!$A$6:$A$2005,">="&$A113,Тренировки!$A$6:$A$2005,"<"&$A113+7,Тренировки!$H$6:$H$2005,"<>Разминка",Тренировки!$E$6:$E$2005,">0")=0,NA(),_xlfn.MAXIFS(Тренировки!$E$6:$E$2005,Тренировки!$C$6:$C$2005,D$105,Тренировки!$A$6:$A$2005,">="&$A113,Тренировки!$A$6:$A$2005,"<"&$A113+7,Тренировки!$H$6:$H$2005,"<>Разминка",Тренировки!$E$6:$E$2005,">0")) -> #N/A | E113: =IF(COUNTIFS(Тренировки!$C$6:$C$2005,E$105,Тренировки!$A$6:$A$2005,">="&$A113,Тренировки!$A$6:$A$2005,"<"&$A113+7,Тренировки!$H$6:$H$2005,"<>Разминка",Тренировки!$E$6:$E$2005,">0")=0,NA(),_xlfn.MAXIFS(Тренировки!$E$6:$E$2005,Тренировки!$C$6:$C$2005,E$105,Тренировки!$A$6:$A$2005,">="&$A113,Тренировки!$A$6:$A$2005,"<"&$A113+7,Тренировки!$H$6:$H$2005,"<>Разминка",Тренировки!$E$6:$E$2005,">0")) -> #N/A | F113: =IF(COUNTIFS(Тренировки!$C$6:$C$2005,F$105,Тренировки!$A$6:$A$2005,">="&$A113,Тренировки!$A$6:$A$2005,"<"&$A113+7,Тренировки!$H$6:$H$2005,"<>Разминка",Тренировки!$E$6:$E$2005,">0")=0,NA(),_xlfn.MAXIFS(Тренировки!$E$6:$E$2005,Тренировки!$C$6:$C$2005,F$105,Тренировки!$A$6:$A$2005,">="&$A113,Тренировки!$A$6:$A$2005,"<"&$A113+7,Тренировки!$H$6:$H$2005,"<>Разминка",Тренировки!$E$6:$E$2005,">0")) -> #N/A
A114: =A113+7 -> 46350 | B114: =IF(COUNTIFS(Тренировки!$C$6:$C$2005,B$105,Тренировки!$A$6:$A$2005,">="&$A114,Тренировки!$A$6:$A$2005,"<"&$A114+7,Тренировки!$H$6:$H$2005,"<>Разминка",Тренировки!$E$6:$E$2005,">0")=0,NA(),_xlfn.MAXIFS(Тренировки!$E$6:$E$2005,Тренировки!$C$6:$C$2005,B$105,Тренировки!$A$6:$A$2005,">="&$A114,Тренировки!$A$6:$A$2005,"<"&$A114+7,Тренировки!$H$6:$H$2005,"<>Разминка",Тренировки!$E$6:$E$2005,">0")) -> #N/A | C114: =IF(COUNTIFS(Тренировки!$C$6:$C$2005,C$105,Тренировки!$A$6:$A$2005,">="&$A114,Тренировки!$A$6:$A$2005,"<"&$A114+7,Тренировки!$H$6:$H$2005,"<>Разминка",Тренировки!$E$6:$E$2005,">0")=0,NA(),_xlfn.MAXIFS(Тренировки!$E$6:$E$2005,Тренировки!$C$6:$C$2005,C$105,Тренировки!$A$6:$A$2005,">="&$A114,Тренировки!$A$6:$A$2005,"<"&$A114+7,Тренировки!$H$6:$H$2005,"<>Разминка",Тренировки!$E$6:$E$2005,">0")) -> #N/A | D114: =IF(COUNTIFS(Тренировки!$C$6:$C$2005,D$105,Тренировки!$A$6:$A$2005,">="&$A114,Тренировки!$A$6:$A$2005,"<"&$A114+7,Тренировки!$H$6:$H$2005,"<>Разминка",Тренировки!$E$6:$E$2005,">0")=0,NA(),_xlfn.MAXIFS(Тренировки!$E$6:$E$2005,Тренировки!$C$6:$C$2005,D$105,Тренировки!$A$6:$A$2005,">="&$A114,Тренировки!$A$6:$A$2005,"<"&$A114+7,Тренировки!$H$6:$H$2005,"<>Разминка",Тренировки!$E$6:$E$2005,">0")) -> #N/A | E114: =IF(COUNTIFS(Тренировки!$C$6:$C$2005,E$105,Тренировки!$A$6:$A$2005,">="&$A114,Тренировки!$A$6:$A$2005,"<"&$A114+7,Тренировки!$H$6:$H$2005,"<>Разминка",Тренировки!$E$6:$E$2005,">0")=0,NA(),_xlfn.MAXIFS(Тренировки!$E$6:$E$2005,Тренировки!$C$6:$C$2005,E$105,Тренировки!$A$6:$A$2005,">="&$A114,Тренировки!$A$6:$A$2005,"<"&$A114+7,Тренировки!$H$6:$H$2005,"<>Разминка",Тренировки!$E$6:$E$2005,">0")) -> #N/A | F114: =IF(COUNTIFS(Тренировки!$C$6:$C$2005,F$105,Тренировки!$A$6:$A$2005,">="&$A114,Тренировки!$A$6:$A$2005,"<"&$A114+7,Тренировки!$H$6:$H$2005,"<>Разминка",Тренировки!$E$6:$E$2005,">0")=0,NA(),_xlfn.MAXIFS(Тренировки!$E$6:$E$2005,Тренировки!$C$6:$C$2005,F$105,Тренировки!$A$6:$A$2005,">="&$A114,Тренировки!$A$6:$A$2005,"<"&$A114+7,Тренировки!$H$6:$H$2005,"<>Разминка",Тренировки!$E$6:$E$2005,">0")) -> #N/A
A115: =A114+7 -> 46357 | B115: =IF(COUNTIFS(Тренировки!$C$6:$C$2005,B$105,Тренировки!$A$6:$A$2005,">="&$A115,Тренировки!$A$6:$A$2005,"<"&$A115+7,Тренировки!$H$6:$H$2005,"<>Разминка",Тренировки!$E$6:$E$2005,">0")=0,NA(),_xlfn.MAXIFS(Тренировки!$E$6:$E$2005,Тренировки!$C$6:$C$2005,B$105,Тренировки!$A$6:$A$2005,">="&$A115,Тренировки!$A$6:$A$2005,"<"&$A115+7,Тренировки!$H$6:$H$2005,"<>Разминка",Тренировки!$E$6:$E$2005,">0")) -> #N/A | C115: =IF(COUNTIFS(Тренировки!$C$6:$C$2005,C$105,Тренировки!$A$6:$A$2005,">="&$A115,Тренировки!$A$6:$A$2005,"<"&$A115+7,Тренировки!$H$6:$H$2005,"<>Разминка",Тренировки!$E$6:$E$2005,">0")=0,NA(),_xlfn.MAXIFS(Тренировки!$E$6:$E$2005,Тренировки!$C$6:$C$2005,C$105,Тренировки!$A$6:$A$2005,">="&$A115,Тренировки!$A$6:$A$2005,"<"&$A115+7,Тренировки!$H$6:$H$2005,"<>Разминка",Тренировки!$E$6:$E$2005,">0")) -> #N/A | D115: =IF(COUNTIFS(Тренировки!$C$6:$C$2005,D$105,Тренировки!$A$6:$A$2005,">="&$A115,Тренировки!$A$6:$A$2005,"<"&$A115+7,Тренировки!$H$6:$H$2005,"<>Разминка",Тренировки!$E$6:$E$2005,">0")=0,NA(),_xlfn.MAXIFS(Тренировки!$E$6:$E$2005,Тренировки!$C$6:$C$2005,D$105,Тренировки!$A$6:$A$2005,">="&$A115,Тренировки!$A$6:$A$2005,"<"&$A115+7,Тренировки!$H$6:$H$2005,"<>Разминка",Тренировки!$E$6:$E$2005,">0")) -> #N/A | E115: =IF(COUNTIFS(Тренировки!$C$6:$C$2005,E$105,Тренировки!$A$6:$A$2005,">="&$A115,Тренировки!$A$6:$A$2005,"<"&$A115+7,Тренировки!$H$6:$H$2005,"<>Разминка",Тренировки!$E$6:$E$2005,">0")=0,NA(),_xlfn.MAXIFS(Тренировки!$E$6:$E$2005,Тренировки!$C$6:$C$2005,E$105,Тренировки!$A$6:$A$2005,">="&$A115,Тренировки!$A$6:$A$2005,"<"&$A115+7,Тренировки!$H$6:$H$2005,"<>Разминка",Тренировки!$E$6:$E$2005,">0")) -> #N/A | F115: =IF(COUNTIFS(Тренировки!$C$6:$C$2005,F$105,Тренировки!$A$6:$A$2005,">="&$A115,Тренировки!$A$6:$A$2005,"<"&$A115+7,Тренировки!$H$6:$H$2005,"<>Разминка",Тренировки!$E$6:$E$2005,">0")=0,NA(),_xlfn.MAXIFS(Тренировки!$E$6:$E$2005,Тренировки!$C$6:$C$2005,F$105,Тренировки!$A$6:$A$2005,">="&$A115,Тренировки!$A$6:$A$2005,"<"&$A115+7,Тренировки!$H$6:$H$2005,"<>Разминка",Тренировки!$E$6:$E$2005,">0")) -> #N/A
A116: =A115+7 -> 46364 | B116: =IF(COUNTIFS(Тренировки!$C$6:$C$2005,B$105,Тренировки!$A$6:$A$2005,">="&$A116,Тренировки!$A$6:$A$2005,"<"&$A116+7,Тренировки!$H$6:$H$2005,"<>Разминка",Тренировки!$E$6:$E$2005,">0")=0,NA(),_xlfn.MAXIFS(Тренировки!$E$6:$E$2005,Тренировки!$C$6:$C$2005,B$105,Тренировки!$A$6:$A$2005,">="&$A116,Тренировки!$A$6:$A$2005,"<"&$A116+7,Тренировки!$H$6:$H$2005,"<>Разминка",Тренировки!$E$6:$E$2005,">0")) -> #N/A | C116: =IF(COUNTIFS(Тренировки!$C$6:$C$2005,C$105,Тренировки!$A$6:$A$2005,">="&$A116,Тренировки!$A$6:$A$2005,"<"&$A116+7,Тренировки!$H$6:$H$2005,"<>Разминка",Тренировки!$E$6:$E$2005,">0")=0,NA(),_xlfn.MAXIFS(Тренировки!$E$6:$E$2005,Тренировки!$C$6:$C$2005,C$105,Тренировки!$A$6:$A$2005,">="&$A116,Тренировки!$A$6:$A$2005,"<"&$A116+7,Тренировки!$H$6:$H$2005,"<>Разминка",Тренировки!$E$6:$E$2005,">0")) -> #N/A | D116: =IF(COUNTIFS(Тренировки!$C$6:$C$2005,D$105,Тренировки!$A$6:$A$2005,">="&$A116,Тренировки!$A$6:$A$2005,"<"&$A116+7,Тренировки!$H$6:$H$2005,"<>Разминка",Тренировки!$E$6:$E$2005,">0")=0,NA(),_xlfn.MAXIFS(Тренировки!$E$6:$E$2005,Тренировки!$C$6:$C$2005,D$105,Тренировки!$A$6:$A$2005,">="&$A116,Тренировки!$A$6:$A$2005,"<"&$A116+7,Тренировки!$H$6:$H$2005,"<>Разминка",Тренировки!$E$6:$E$2005,">0")) -> #N/A | E116: =IF(COUNTIFS(Тренировки!$C$6:$C$2005,E$105,Тренировки!$A$6:$A$2005,">="&$A116,Тренировки!$A$6:$A$2005,"<"&$A116+7,Тренировки!$H$6:$H$2005,"<>Разминка",Тренировки!$E$6:$E$2005,">0")=0,NA(),_xlfn.MAXIFS(Тренировки!$E$6:$E$2005,Тренировки!$C$6:$C$2005,E$105,Тренировки!$A$6:$A$2005,">="&$A116,Тренировки!$A$6:$A$2005,"<"&$A116+7,Тренировки!$H$6:$H$2005,"<>Разминка",Тренировки!$E$6:$E$2005,">0")) -> #N/A | F116: =IF(COUNTIFS(Тренировки!$C$6:$C$2005,F$105,Тренировки!$A$6:$A$2005,">="&$A116,Тренировки!$A$6:$A$2005,"<"&$A116+7,Тренировки!$H$6:$H$2005,"<>Разминка",Тренировки!$E$6:$E$2005,">0")=0,NA(),_xlfn.MAXIFS(Тренировки!$E$6:$E$2005,Тренировки!$C$6:$C$2005,F$105,Тренировки!$A$6:$A$2005,">="&$A116,Тренировки!$A$6:$A$2005,"<"&$A116+7,Тренировки!$H$6:$H$2005,"<>Разминка",Тренировки!$E$6:$E$2005,">0")) -> #N/A
A117: =A116+7 -> 46371 | B117: =IF(COUNTIFS(Тренировки!$C$6:$C$2005,B$105,Тренировки!$A$6:$A$2005,">="&$A117,Тренировки!$A$6:$A$2005,"<"&$A117+7,Тренировки!$H$6:$H$2005,"<>Разминка",Тренировки!$E$6:$E$2005,">0")=0,NA(),_xlfn.MAXIFS(Тренировки!$E$6:$E$2005,Тренировки!$C$6:$C$2005,B$105,Тренировки!$A$6:$A$2005,">="&$A117,Тренировки!$A$6:$A$2005,"<"&$A117+7,Тренировки!$H$6:$H$2005,"<>Разминка",Тренировки!$E$6:$E$2005,">0")) -> #N/A | C117: =IF(COUNTIFS(Тренировки!$C$6:$C$2005,C$105,Тренировки!$A$6:$A$2005,">="&$A117,Тренировки!$A$6:$A$2005,"<"&$A117+7,Тренировки!$H$6:$H$2005,"<>Разминка",Тренировки!$E$6:$E$2005,">0")=0,NA(),_xlfn.MAXIFS(Тренировки!$E$6:$E$2005,Тренировки!$C$6:$C$2005,C$105,Тренировки!$A$6:$A$2005,">="&$A117,Тренировки!$A$6:$A$2005,"<"&$A117+7,Тренировки!$H$6:$H$2005,"<>Разминка",Тренировки!$E$6:$E$2005,">0")) -> #N/A | D117: =IF(COUNTIFS(Тренировки!$C$6:$C$2005,D$105,Тренировки!$A$6:$A$2005,">="&$A117,Тренировки!$A$6:$A$2005,"<"&$A117+7,Тренировки!$H$6:$H$2005,"<>Разминка",Тренировки!$E$6:$E$2005,">0")=0,NA(),_xlfn.MAXIFS(Тренировки!$E$6:$E$2005,Тренировки!$C$6:$C$2005,D$105,Тренировки!$A$6:$A$2005,">="&$A117,Тренировки!$A$6:$A$2005,"<"&$A117+7,Тренировки!$H$6:$H$2005,"<>Разминка",Тренировки!$E$6:$E$2005,">0")) -> #N/A | E117: =IF(COUNTIFS(Тренировки!$C$6:$C$2005,E$105,Тренировки!$A$6:$A$2005,">="&$A117,Тренировки!$A$6:$A$2005,"<"&$A117+7,Тренировки!$H$6:$H$2005,"<>Разминка",Тренировки!$E$6:$E$2005,">0")=0,NA(),_xlfn.MAXIFS(Тренировки!$E$6:$E$2005,Тренировки!$C$6:$C$2005,E$105,Тренировки!$A$6:$A$2005,">="&$A117,Тренировки!$A$6:$A$2005,"<"&$A117+7,Тренировки!$H$6:$H$2005,"<>Разминка",Тренировки!$E$6:$E$2005,">0")) -> #N/A | F117: =IF(COUNTIFS(Тренировки!$C$6:$C$2005,F$105,Тренировки!$A$6:$A$2005,">="&$A117,Тренировки!$A$6:$A$2005,"<"&$A117+7,Тренировки!$H$6:$H$2005,"<>Разминка",Тренировки!$E$6:$E$2005,">0")=0,NA(),_xlfn.MAXIFS(Тренировки!$E$6:$E$2005,Тренировки!$C$6:$C$2005,F$105,Тренировки!$A$6:$A$2005,">="&$A117,Тренировки!$A$6:$A$2005,"<"&$A117+7,Тренировки!$H$6:$H$2005,"<>Разминка",Тренировки!$E$6:$E$2005,">0")) -> #N/A
A118: =A117+7 -> 46378 | B118: =IF(COUNTIFS(Тренировки!$C$6:$C$2005,B$105,Тренировки!$A$6:$A$2005,">="&$A118,Тренировки!$A$6:$A$2005,"<"&$A118+7,Тренировки!$H$6:$H$2005,"<>Разминка",Тренировки!$E$6:$E$2005,">0")=0,NA(),_xlfn.MAXIFS(Тренировки!$E$6:$E$2005,Тренировки!$C$6:$C$2005,B$105,Тренировки!$A$6:$A$2005,">="&$A118,Тренировки!$A$6:$A$2005,"<"&$A118+7,Тренировки!$H$6:$H$2005,"<>Разминка",Тренировки!$E$6:$E$2005,">0")) -> #N/A | C118: =IF(COUNTIFS(Тренировки!$C$6:$C$2005,C$105,Тренировки!$A$6:$A$2005,">="&$A118,Тренировки!$A$6:$A$2005,"<"&$A118+7,Тренировки!$H$6:$H$2005,"<>Разминка",Тренировки!$E$6:$E$2005,">0")=0,NA(),_xlfn.MAXIFS(Тренировки!$E$6:$E$2005,Тренировки!$C$6:$C$2005,C$105,Тренировки!$A$6:$A$2005,">="&$A118,Тренировки!$A$6:$A$2005,"<"&$A118+7,Тренировки!$H$6:$H$2005,"<>Разминка",Тренировки!$E$6:$E$2005,">0")) -> #N/A | D118: =IF(COUNTIFS(Тренировки!$C$6:$C$2005,D$105,Тренировки!$A$6:$A$2005,">="&$A118,Тренировки!$A$6:$A$2005,"<"&$A118+7,Тренировки!$H$6:$H$2005,"<>Разминка",Тренировки!$E$6:$E$2005,">0")=0,NA(),_xlfn.MAXIFS(Тренировки!$E$6:$E$2005,Тренировки!$C$6:$C$2005,D$105,Тренировки!$A$6:$A$2005,">="&$A118,Тренировки!$A$6:$A$2005,"<"&$A118+7,Тренировки!$H$6:$H$2005,"<>Разминка",Тренировки!$E$6:$E$2005,">0")) -> #N/A | E118: =IF(COUNTIFS(Тренировки!$C$6:$C$2005,E$105,Тренировки!$A$6:$A$2005,">="&$A118,Тренировки!$A$6:$A$2005,"<"&$A118+7,Тренировки!$H$6:$H$2005,"<>Разминка",Тренировки!$E$6:$E$2005,">0")=0,NA(),_xlfn.MAXIFS(Тренировки!$E$6:$E$2005,Тренировки!$C$6:$C$2005,E$105,Тренировки!$A$6:$A$2005,">="&$A118,Тренировки!$A$6:$A$2005,"<"&$A118+7,Тренировки!$H$6:$H$2005,"<>Разминка",Тренировки!$E$6:$E$2005,">0")) -> #N/A | F118: =IF(COUNTIFS(Тренировки!$C$6:$C$2005,F$105,Тренировки!$A$6:$A$2005,">="&$A118,Тренировки!$A$6:$A$2005,"<"&$A118+7,Тренировки!$H$6:$H$2005,"<>Разминка",Тренировки!$E$6:$E$2005,">0")=0,NA(),_xlfn.MAXIFS(Тренировки!$E$6:$E$2005,Тренировки!$C$6:$C$2005,F$105,Тренировки!$A$6:$A$2005,">="&$A118,Тренировки!$A$6:$A$2005,"<"&$A118+7,Тренировки!$H$6:$H$2005,"<>Разминка",Тренировки!$E$6:$E$2005,">0")) -> #N/A
... A125: =A124+7 -> 46427 | B125: =IF(COUNTIFS(Тренировки!$C$6:$C$2005,B$105,Тренировки!$A$6:$A$2005,">="&$A125,Тренировки!$A$6:$A$2005,"<"&$A125+7,Тренировки!$H$6:$H$2005,"<>Разминка",Тренировки!$E$6:$E$2005,">0")=0,NA(),_xlfn.MAXIFS(Тренировки!$E$6:$E$2005,Тренировки!$C$6:$C$2005,B$105,Тренировки!$A$6:$A$2005,">="&$A125,Тренировки!$A$6:$A$2005,"<"&$A125+7,Тренировки!$H$6:$H$2005,"<>Разминка",Тренировки!$E$6:$E$2005,">0")) -> #N/A | C125: =IF(COUNTIFS(Тренировки!$C$6:$C$2005,C$105,Тренировки!$A$6:$A$2005,">="&$A125,Тренировки!$A$6:$A$2005,"<"&$A125+7,Тренировки!$H$6:$H$2005,"<>Разминка",Тренировки!$E$6:$E$2005,">0")=0,NA(),_xlfn.MAXIFS(Тренировки!$E$6:$E$2005,Тренировки!$C$6:$C$2005,C$105,Тренировки!$A$6:$A$2005,">="&$A125,Тренировки!$A$6:$A$2005,"<"&$A125+7,Тренировки!$H$6:$H$2005,"<>Разминка",Тренировки!$E$6:$E$2005,">0")) -> #N/A | D125: =IF(COUNTIFS(Тренировки!$C$6:$C$2005,D$105,Тренировки!$A$6:$A$2005,">="&$A125,Тренировки!$A$6:$A$2005,"<"&$A125+7,Тренировки!$H$6:$H$2005,"<>Разминка",Тренировки!$E$6:$E$2005,">0")=0,NA(),_xlfn.MAXIFS(Тренировки!$E$6:$E$2005,Тренировки!$C$6:$C$2005,D$105,Тренировки!$A$6:$A$2005,">="&$A125,Тренировки!$A$6:$A$2005,"<"&$A125+7,Тренировки!$H$6:$H$2005,"<>Разминка",Тренировки!$E$6:$E$2005,">0")) -> #N/A | E125: =IF(COUNTIFS(Тренировки!$C$6:$C$2005,E$105,Тренировки!$A$6:$A$2005,">="&$A125,Тренировки!$A$6:$A$2005,"<"&$A125+7,Тренировки!$H$6:$H$2005,"<>Разминка",Тренировки!$E$6:$E$2005,">0")=0,NA(),_xlfn.MAXIFS(Тренировки!$E$6:$E$2005,Тренировки!$C$6:$C$2005,E$105,Тренировки!$A$6:$A$2005,">="&$A125,Тренировки!$A$6:$A$2005,"<"&$A125+7,Тренировки!$H$6:$H$2005,"<>Разминка",Тренировки!$E$6:$E$2005,">0")) -> #N/A | F125: =IF(COUNTIFS(Тренировки!$C$6:$C$2005,F$105,Тренировки!$A$6:$A$2005,">="&$A125,Тренировки!$A$6:$A$2005,"<"&$A125+7,Тренировки!$H$6:$H$2005,"<>Разминка",Тренировки!$E$6:$E$2005,">0")=0,NA(),_xlfn.MAXIFS(Тренировки!$E$6:$E$2005,Тренировки!$C$6:$C$2005,F$105,Тренировки!$A$6:$A$2005,">="&$A125,Тренировки!$A$6:$A$2005,"<"&$A125+7,Тренировки!$H$6:$H$2005,"<>Разминка",Тренировки!$E$6:$E$2005,">0")) -> #N/A
